assists_x,bonus,bps,clean_sheets,creativity,element,expected_assists,expected_goal_involvements,expected_goals,expected_goals_conceded,fixture,goals_conceded,goals_scored,ict_index,influence,date,minutes,mng_clean_sheets,mng_draw,mng_goals_scored,mng_loss,mng_underdog_draw,mng_underdog_win,mng_win,modified,opponent_team,own_goals,penalties_missed,penalties_saved,red_cards,round,saves,selected,starts,team_a_score,team_h_score,threat,total_points,transfers_balance,transfers_in,transfers_out,value,was_home,yellow_cards,fpl_id,position_x,team,fpl_name,goals,shots,xG,time,position_y,h_team,a_team,h_goals,a_goals,id,season,roster_id,xA,assists_y,key_passes,npg,npxG,xGChain,xGBuildup,understat_id,player_team,FPL_Name,Understat_Name,position
0,1,3,41,1,24.8,148,0.04,0.24,0.2,0.45,3,0,1,11.1,61.4,2024-08-17,90,0,0,0,0,0,0,0,False,8,0,0,0,0,1,0,64656,1,3,0,25.0,12,0,0,0,55,False,0,148,,,Danny Welbeck,1,2,0.2158164530992508,90,FW,Everton,Brighton,0,3,26605,2024,666349,0.1216224357485771,1,2,1,0.2158164530992508,1.4775506258010864,1.2469474077224731,26605,Brighton,Danny Welbeck,Danny Welbeck,FWD
1,0,3,38,0,23.7,148,0.02,1.13,1.11,1.32,13,1,1,12.4,40.8,2024-08-24,78,0,0,0,0,0,0,0,False,14,0,0,0,0,2,0,412889,1,1,2,59.0,9,220120,251535,31415,55,True,0,148,,,Danny Welbeck,1,3,1.1440701484680176,80,FW,Brighton,Manchester United,2,1,26612,2024,667702,0.138381540775299,0,2,1,1.1440701484680176,1.285815954208374,0.1510656625032425,26612,Brighton,Danny Welbeck,Danny Welbeck,FWD
2,0,0,3,0,2.8,148,0.01,0.11,0.1,2.08,21,1,0,0.9,0.4,2024-08-31,84,0,0,0,0,0,0,0,False,1,0,0,0,0,3,0,1172309,1,1,1,6.0,2,650297,768178,117881,56,False,0,148,,,Danny Welbeck,0,1,0.0426068231463432,89,FW,Arsenal,Brighton,1,1,26622,2024,671532,0.0,0,0,0,0.0426068231463432,0.0,0.0,26622,Brighton,Danny Welbeck,Danny Welbeck,FWD
3,0,0,5,1,5.5,148,0.13,0.31,0.18,0.35,33,0,0,5.7,2.4,2024-09-14,84,0,0,0,0,0,0,0,False,10,0,0,0,0,4,0,1813240,1,0,0,49.0,2,573565,740161,166596,57,True,0,148,,,Danny Welbeck,0,4,0.1993384510278701,88,FW,Brighton,Ipswich,0,0,26633,2024,673651,0.0,0,0,0,0.1993384510278701,0.13697549700737,0.1084460690617561,26633,Brighton,Danny Welbeck,Danny Welbeck,FWD
4,0,1,28,0,16.0,148,0.06,0.43,0.37,1.53,42,2,1,9.5,40.4,2024-09-22,90,0,0,0,0,0,0,0,False,16,0,0,0,0,5,0,1985030,1,2,2,39.0,6,171336,304848,133512,58,True,1,148,,,Danny Welbeck,1,3,0.7508222460746765,90,FW,Brighton,Nottingham Forest,2,2,26650,2024,676308,0.0561207681894302,0,1,1,0.7508222460746765,0.81890469789505,0.0734217390418052,26650,Brighton,Danny Welbeck,Danny Welbeck,FWD
5,0,0,4,0,13.9,148,0.01,0.42,0.41,4.09,54,4,0,4.9,6.0,2024-09-28,80,0,0,0,0,0,0,0,False,6,0,0,0,0,6,0,2030279,1,2,4,29.0,2,44414,272300,227886,58,False,0,148,,,Danny Welbeck,0,3,0.4214482009410858,89,FW,Chelsea,Brighton,4,2,26657,2024,677917,0.056236982345581,0,1,0,0.4214482009410858,0.6024585366249084,0.1832982152700424,26657,Brighton,Danny Welbeck,Danny Welbeck,FWD
6,0,2,31,0,25.2,148,0.02,1.15,1.13,1.37,64,2,1,10.3,35.0,2024-10-06,90,0,0,0,0,0,0,0,False,18,0,0,0,0,7,0,2049570,1,2,3,43.0,8,8107,206636,198529,58,True,0,148,,,Danny Welbeck,1,3,0.940462589263916,90,FW,Brighton,Tottenham,3,2,26671,2024,680428,0.1445147544145584,0,2,1,0.940462589263916,1.0849772691726685,0.0976802632212638,26671,Brighton,Danny Welbeck,Danny Welbeck,FWD
7,0,3,39,1,4.0,148,0.01,0.43,0.42,1.94,76,0,1,6.6,38.0,2024-10-19,80,0,0,0,0,0,0,0,False,15,0,0,0,0,8,0,2144544,1,1,0,24.0,9,76029,194961,118932,58,False,0,148,,,Danny Welbeck,1,2,0.5487236976623535,82,FW,Newcastle United,Brighton,0,1,26676,2024,681375,0.0,0,0,1,0.5487236976623535,0.0618720613420009,0.0,26676,Brighton,Danny Welbeck,Danny Welbeck,FWD
8,0,1,27,1,12.1,148,0.01,0.64,0.63,0.65,84,0,1,8.1,30.4,2024-10-26,72,0,0,0,0,0,0,0,False,20,0,0,0,0,9,0,2066673,1,2,2,38.0,7,-75876,108916,184792,59,True,0,148,,,Danny Welbeck,1,4,0.5094478130340576,77,FW,Brighton,Wolverhampton Wanderers,2,2,26686,2024,683031,0.0827455148100853,0,1,1,0.5094478130340576,0.5459707975387573,0.0,26686,Brighton,Danny Welbeck,Danny Welbeck,FWD
9,1,0,17,0,16.0,148,0.02,0.28,0.26,1.65,94,2,0,5.8,21.4,2024-11-02,90,0,0,0,0,0,0,0,False,12,0,0,0,0,10,0,2101247,1,1,2,21.0,5,19258,158026,138768,59,False,0,148,,,Danny Welbeck,0,4,0.277868777513504,90,FW,Liverpool,Brighton,2,1,26696,2024,685047,0.0506795309484005,1,1,0,0.277868777513504,0.2236341387033462,0.190019354224205,26696,Brighton,Danny Welbeck,Danny Welbeck,FWD
10,0,0,2,0,2.6,148,0.01,0.31,0.3,2.22,102,1,0,1.7,2.4,2024-11-09,90,0,0,0,0,0,0,0,False,13,0,0,0,0,11,0,2220379,1,1,2,12.0,2,111290,192127,80837,59,True,0,148,,,Danny Welbeck,0,2,0.4235636293888092,90,FW,Brighton,Manchester City,2,1,26703,2024,686858,0.0,0,0,0,0.4235636293888092,1.2797704935073853,0.9021180868148804,26703,Brighton,Danny Welbeck,Danny Welbeck,FWD
11,0,0,8,1,25.4,148,0.03,0.03,0.0,1.12,113,0,0,4.0,12.2,2024-11-23,85,0,0,0,0,0,0,0,False,3,0,0,0,0,12,0,2402653,1,2,1,2.0,2,164468,262300,97832,60,False,0,148,,,Danny Welbeck,0,0,0.0,90,FW,Bournemouth,Brighton,1,2,26712,2024,688385,0.0670252665877342,0,2,0,0.0,0.4519867300987243,0.4006361663341522,26712,Brighton,Danny Welbeck,Danny Welbeck,FWD
12,0,0,-1,0,1.3,148,0.06,0.25,0.19,0.96,122,1,0,1.7,1.0,2024-11-29,78,0,0,0,0,0,0,0,False,17,0,0,0,0,13,0,2312448,1,1,1,15.0,2,-87427,102843,190270,60,True,0,148,,,Danny Welbeck,0,2,0.3249858319759369,83,FW,Brighton,Southampton,1,1,26723,2024,689623,0.0,0,0,0,0.3249858319759369,0.3668261766433716,0.099225603044033,26723,Brighton,Danny Welbeck,Danny Welbeck,FWD
13,0,0,5,0,0.5,148,0.01,0.28,0.27,1.0,147,2,0,1.0,1.2,2024-12-08,20,0,0,0,0,0,0,0,False,11,0,0,0,0,15,0,1836192,0,2,2,8.0,1,-334429,30066,364495,59,False,0,148,,,Danny Welbeck,0,2,0.1897806227207183,17,Sub,Leicester,Brighton,2,2,26751,2024,692802,0.0,0,0,0,0.1897806227207183,0.1058867126703262,0.0929633453488349,26751,Brighton,Danny Welbeck,Danny Welbeck,FWD
14,0,0,3,0,0.3,148,0.0,0.0,0.0,0.0,204,0,0,0.2,0.0,2025-01-16,12,0,0,0,0,0,0,0,False,10,0,0,0,0,21,0,669647,0,2,0,2.0,1,-33431,23392,56823,55,False,0,148,,,Danny Welbeck,0,0,0.0,11,Sub,Ipswich,Brighton,0,2,26805,2024,699563,0.0,0,0,0,0.0,0.0,0.0,26805,Brighton,Danny Welbeck,Danny Welbeck,FWD
15,0,0,10,0,2.3,148,0.01,0.3,0.29,1.09,217,1,0,2.1,5.4,2025-01-19,68,0,0,0,0,0,0,0,False,14,0,0,0,0,22,0,655532,1,3,1,13.0,2,-14374,8199,22573,55,False,0,148,,,Danny Welbeck,0,1,0.4629849195480346,71,FW,Manchester United,Brighton,1,3,26818,2024,700492,0.0,0,0,0,0.4629849195480346,1.1751863956451416,0.7122014164924622,26818,Brighton,Danny Welbeck,Danny Welbeck,FWD
16,0,0,5,0,5.0,148,0.02,0.07,0.05,0.85,223,1,0,1.7,4.2,2025-01-25,90,0,0,0,0,0,0,0,False,8,0,0,0,0,23,0,655101,1,1,0,8.0,2,-1732,19595,21327,55,True,0,148,,,Danny Welbeck,0,2,0.0682517439126968,90,FW,Brighton,Everton,0,1,26824,2024,701414,0.0,0,0,0,0.0682517439126968,0.2077428996562957,0.1586510986089706,26824,Brighton,Danny Welbeck,Danny Welbeck,FWD
17,0,0,6,0,11.6,148,0.01,0.15,0.14,2.67,239,5,0,3.8,3.4,2025-02-01,72,0,0,0,0,0,0,0,False,16,0,0,0,0,24,0,636644,1,0,7,23.0,1,-18139,7909,26048,55,False,1,148,,,Danny Welbeck,0,1,0.0843792557716369,77,FW,Nottingham Forest,Brighton,7,0,26840,2024,702753,0.0780727118253707,0,1,0,0.0843792557716369,0.4605598747730255,0.2981079220771789,26840,Brighton,Danny Welbeck,Danny Welbeck,FWD
18,2,0,29,1,23.4,148,0.45,0.48,0.03,0.54,242,0,0,7.0,35.2,2025-02-14,83,0,0,0,0,0,0,0,False,6,0,0,0,0,25,0,627739,1,0,3,11.0,8,-10418,9746,20164,55,True,0,148,,,Danny Welbeck,0,1,0.0165964029729366,88,FW,Brighton,Chelsea,3,0,26843,2024,705882,0.7717089056968689,2,2,0,0.0165964029729366,0.7717089056968689,0.0,26843,Brighton,Danny Welbeck,Danny Welbeck,FWD
19,0,2,33,0,0.8,148,0.0,0.37,0.37,0.36,262,0,1,5.2,34.2,2025-02-25,18,0,0,0,0,0,0,0,False,3,0,0,0,0,27,0,665540,0,1,2,17.0,7,-78576,2244,80820,55,True,0,148,,,Danny Welbeck,1,1,0.3535395562648773,14,Sub,Brighton,Bournemouth,2,1,26863,2024,709070,0.0,0,0,1,0.3535395562648773,0.3535395562648773,0.0,26863,Brighton,Danny Welbeck,Danny Welbeck,FWD
20,0,0,-1,0,11.2,148,0.18,0.39,0.21,0.21,272,0,0,2.0,0.6,2025-03-08,13,0,0,0,0,0,0,0,False,9,0,0,0,0,28,0,694060,0,1,2,8.0,1,24969,38373,13404,55,True,0,148,,,Danny Welbeck,0,1,0.4366522431373596,11,Sub,Brighton,Fulham,2,1,26873,2024,711331,0.1242330744862556,0,1,0,0.4366522431373596,0.5608853101730347,0.0,26873,Brighton,Danny Welbeck,Danny Welbeck,FWD
21,0,0,5,0,0.0,148,0.0,0.0,0.0,0.24,288,0,0,0.2,2.0,2025-03-15,15,0,0,0,0,0,0,0,False,13,0,0,0,0,29,0,669612,0,2,2,0.0,1,-13658,9353,23011,55,False,0,148,,,Danny Welbeck,0,0,0.0,11,Sub,Manchester City,Brighton,2,2,26889,2024,713037,0.0,0,0,0,0.0,0.5828536748886108,0.5828536748886108,26889,Brighton,Danny Welbeck,Danny Welbeck,FWD
22,0,0,0,0,1.3,148,0.03,0.03,0.0,0.44,293,2,0,0.3,0.0,2025-04-02,18,0,0,0,0,0,0,0,False,2,0,0,0,0,30,0,659697,0,3,0,2.0,0,-20948,7507,28455,55,True,1,148,,,Danny Welbeck,0,0,0.0,17,Sub,Brighton,Aston Villa,0,3,26893,2024,716186,0.0,0,0,0,0.0,0.0,0.0,26893,Brighton,Danny Welbeck,Danny Welbeck,FWD
23,0,3,34,0,2.4,148,0.01,0.54,0.53,0.6,303,2,1,9.5,40.2,2025-04-05,90,0,0,0,0,0,0,0,False,7,0,0,0,0,31,0,650739,1,1,2,52.0,9,-9271,5142,14413,55,False,0,148,,,Danny Welbeck,1,2,0.8710449934005737,90,FW,Crystal Palace,Brighton,2,1,26904,2024,716850,0.0,0,0,1,0.8710449934005737,0.9376862049102784,0.0666412115097045,26904,Brighton,Danny Welbeck,Danny Welbeck,FWD
