assists_x,bonus,bps,clean_sheets,creativity,element,expected_assists,expected_goal_involvements,expected_goals,expected_goals_conceded,fixture,goals_conceded,goals_scored,ict_index,influence,date,minutes,modified,opponent_team,own_goals,penalties_missed,penalties_saved,red_cards,round,saves,selected,starts,team_a_score,team_h_score,threat,total_points,transfers_balance,transfers_in,transfers_out,value,was_home,yellow_cards,goals,shots,xG,time,h_team,a_team,h_goals,a_goals,id,season,roster_id,xA,assists_y,key_passes,npg,npxG,xGChain,xGBuildup,player_team,team_h_difficulty,team_a_difficulty,event,xP,position,clean_sheets_1,expected_assists_1,expected_goal_involvements_1,expected_goals_1,expected_goals_conceded_1,goals_conceded_1,goals_scored_1,ict_index_1,influence_1,creativity_1,threat_1,minutes_1,own_goals_1,penalties_missed_1,penalties_saved_1,red_cards_1,yellow_cards_1,saves_1,starts_1,team_a_score_1,team_h_score_1,total_points_1,goals_1,shots_1,xG_1,xA_1,assists_x_1,assists_y_1,key_passes_1,npg_1,npxG_1,xGChain_1,xGBuildup_1,xP_1,clean_sheets_2,expected_assists_2,expected_goal_involvements_2,expected_goals_2,expected_goals_conceded_2,goals_conceded_2,goals_scored_2,ict_index_2,influence_2,creativity_2,threat_2,minutes_2,own_goals_2,penalties_missed_2,penalties_saved_2,red_cards_2,yellow_cards_2,saves_2,starts_2,team_a_score_2,team_h_score_2,total_points_2,goals_2,shots_2,xG_2,xA_2,assists_x_2,assists_y_2,key_passes_2,npg_2,npxG_2,xGChain_2,xGBuildup_2,xP_2,clean_sheets_3,expected_assists_3,expected_goal_involvements_3,expected_goals_3,expected_goals_conceded_3,goals_conceded_3,goals_scored_3,ict_index_3,influence_3,creativity_3,threat_3,minutes_3,own_goals_3,penalties_missed_3,penalties_saved_3,red_cards_3,yellow_cards_3,saves_3,starts_3,team_a_score_3,team_h_score_3,total_points_3,goals_3,shots_3,xG_3,xA_3,assists_x_3,assists_y_3,key_passes_3,npg_3,npxG_3,xGChain_3,xGBuildup_3,xP_3,clean_sheets_4,expected_assists_4,expected_goal_involvements_4,expected_goals_4,expected_goals_conceded_4,goals_conceded_4,goals_scored_4,ict_index_4,influence_4,creativity_4,threat_4,minutes_4,own_goals_4,penalties_missed_4,penalties_saved_4,red_cards_4,yellow_cards_4,saves_4,starts_4,team_a_score_4,team_h_score_4,total_points_4,goals_4,shots_4,xG_4,xA_4,assists_x_4,assists_y_4,key_passes_4,npg_4,npxG_4,xGChain_4,xGBuildup_4,xP_4,clean_sheets_5,expected_assists_5,expected_goal_involvements_5,expected_goals_5,expected_goals_conceded_5,goals_conceded_5,goals_scored_5,ict_index_5,influence_5,creativity_5,threat_5,minutes_5,own_goals_5,penalties_missed_5,penalties_saved_5,red_cards_5,yellow_cards_5,saves_5,starts_5,team_a_score_5,team_h_score_5,total_points_5,goals_5,shots_5,xG_5,xA_5,assists_x_5,assists_y_5,key_passes_5,npg_5,npxG_5,xGChain_5,xGBuildup_5,xP_5,ownership_change,percenatge_net_transfers
0,0,6,0,26.7,560,0.16,0.2,0.04,0.11,9,1,0,4.3,7.4,2024-08-18,32,False,13,0,0,0,0,1,0,100779,0,2,0,9.0,1,0,0,0,6.5,True,0,0,1,0.0504299737513065,25,Chelsea,Manchester City,0,2,26610,2024,667022,0.1282843202352523,0,2,0,0.0504299737513065,0.1787142902612686,0.108023852109909,Chelsea,4,4,1,1.3,MID,,,,,,,,,,,,,,,,,,,,,,,,,,,,,,,,,,,,,,,,,,,,,,,,,,,,,,,,,,,,,,,,,,,,,,,,,,,,,,,,,,,,,,,,,,,,,,,,,,,,,,,,,,,,,,,,,,,,,,,,,,,,,,,,,,,,,,,,,,,,,,,,,,,,,,,,,,,,,,,,,,,,,,,,,,,0.0,0.0
1,0,12,0,13.3,560,0.05,0.05,0.0,0.17,20,0,0,4.1,21.6,2024-08-25,45,False,20,0,0,0,0,2,0,106044,0,6,2,6.0,4,-7679,11121,18800,6.5,False,0,0,0,0.0,35,Wolverhampton Wanderers,Chelsea,2,6,26619,2024,668760,0.1129174754023552,1,1,0,0.0,0.2497705072164535,0.2497705072164535,Chelsea,3,3,2,2.5,MID,0.0,0.16,0.2,0.04,0.11,1.0,0.0,4.3,7.4,26.7,9.0,32.0,0.0,0.0,0.0,0.0,0.0,0.0,0.0,2.0,0.0,1.0,0.0,1.0,0.05,0.13,0.0,0.0,2.0,0.0,0.05,0.18,0.11,1.3,,,,,,,,,,,,,,,,,,,,,,,,,,,,,,,,,,,,,,,,,,,,,,,,,,,,,,,,,,,,,,,,,,,,,,,,,,,,,,,,,,,,,,,,,,,,,,,,,,,,,,,,,,,,,,,,,,,,,,,,,,,,,,,,,,,,,,,,,5265.0,-0.25664249189532434
0,0,-1,0,2.2,560,0.02,0.02,0.0,0.13,23,1,0,0.1,0.0,2024-09-01,57,False,7,0,0,0,0,3,0,107645,1,1,1,0.0,0,-3643,20308,23951,6.5,True,1,0,0,0.0,61,Chelsea,Crystal Palace,1,1,26630,2024,672436,0.0,0,0,0,0.0,0.0,0.0,Chelsea,3,4,3,1.7,MID,0.0,0.05,0.05,0.0,0.17,0.0,0.0,4.1,21.6,13.3,6.0,45.0,0.0,0.0,0.0,0.0,0.0,0.0,0.0,6.0,2.0,4.0,0.0,0.0,0.0,0.11,1.0,1.0,1.0,0.0,0.0,0.25,0.25,2.5,0.0,0.11,0.12,0.02,0.14,0.5,0.0,4.2,14.5,20.0,7.5,38.5,0.0,0.0,0.0,0.0,0.0,0.0,0.0,4.0,1.0,2.5,0.0,0.5,0.03,0.12,0.5,0.5,1.5,0.0,0.03,0.21,0.18,1.9,,,,,,,,,,,,,,,,,,,,,,,,,,,,,,,,,,,,,,,,,,,,,,,,,,,,,,,,,,,,,,,,,,,,,,,,,,,,,,,,,,,,,,,,,,,,,,,,,,,,,,,1601.0,-0.08231094240719401
0,0,5,0,16.3,560,0.03,0.03,0.0,1.29,32,0,0,2.1,4.4,2024-09-14,45,False,3,0,0,0,0,4,0,93108,1,1,0,0.0,1,-17382,10810,28192,6.4,False,0,0,0,0.0,47,Bournemouth,Chelsea,0,1,26639,2024,674171,0.0542932525277137,0,1,0,0.0,0.0,0.0,Chelsea,3,3,4,1.5,MID,0.0,0.02,0.02,0.0,0.13,1.0,0.0,0.1,0.0,2.2,0.0,57.0,0.0,0.0,0.0,0.0,1.0,0.0,1.0,1.0,1.0,0.0,0.0,0.0,0.0,0.0,0.0,0.0,0.0,0.0,0.0,0.0,0.0,1.7,0.0,0.04,0.04,0.0,0.15,0.5,0.0,2.1,10.8,7.75,3.0,51.0,0.0,0.0,0.0,0.0,0.5,0.0,0.5,3.5,1.5,2.0,0.0,0.0,0.0,0.06,0.5,0.5,0.5,0.0,0.0,0.12,0.12,2.1,0.0,0.08,0.09,0.01,0.14,0.67,0.0,2.83,9.67,14.07,5.0,44.67,0.0,0.0,0.0,0.0,0.33,0.0,0.33,3.0,1.0,1.67,0.0,0.33,0.02,0.08,0.33,0.33,1.0,0.0,0.02,0.14,0.12,1.83,,,,,,,,,,,,,,,,,,,,,,,,,,,,,,,,,,,,,,,,,,,,,,,,,,,,,,,,,,,,,,,,,,,,,-14537.0,-0.44566945284857185
0,0,4,0,2.8,560,0.02,0.02,0.0,0.35,50,0,0,1.7,8.4,2024-09-21,33,False,19,0,0,0,0,5,0,80588,0,3,0,6.0,1,-13757,3013,16770,6.4,False,0,0,0,0.0,31,West Ham,Chelsea,0,3,26642,2024,675304,0.0,0,0,0,0.0,1.0722980499267578,1.0722980499267578,Chelsea,3,2,5,1.5,MID,0.0,0.03,0.03,0.0,1.29,0.0,0.0,2.1,4.4,16.3,0.0,45.0,0.0,0.0,0.0,0.0,0.0,0.0,1.0,1.0,0.0,1.0,0.0,0.0,0.0,0.05,0.0,0.0,1.0,0.0,0.0,0.0,0.0,1.5,0.0,0.02,0.02,0.0,0.71,0.5,0.0,1.1,2.2,9.25,0.0,51.0,0.0,0.0,0.0,0.0,0.5,0.0,1.0,1.0,0.5,0.5,0.0,0.0,0.0,0.03,0.0,0.0,0.5,0.0,0.0,0.0,0.0,1.6,0.0,0.03,0.03,0.0,0.53,0.33,0.0,2.1,8.67,10.6,2.0,49.0,0.0,0.0,0.0,0.0,0.33,0.0,0.67,2.67,1.0,1.67,0.0,0.0,0.0,0.06,0.33,0.33,0.67,0.0,0.0,0.08,0.08,1.9,0.0,0.06,0.08,0.01,0.43,0.5,0.0,2.65,8.35,14.62,3.75,44.75,0.0,0.0,0.0,0.0,0.25,0.0,0.5,2.5,0.75,1.5,0.0,0.25,0.01,0.07,0.25,0.25,1.0,0.0,0.01,0.11,0.09,1.75,,,,,,,,,,,,,,,,,,,,,,,,,,,,,,,,,,,-12520.0,-0.6953950361421423
0,0,5,0,10.3,560,0.09,0.16,0.07,0.22,54,0,0,2.4,4.2,2024-09-28,27,False,5,0,0,0,0,6,0,65681,0,2,4,9.0,1,-15530,1533,17063,6.3,True,0,0,1,0.0729085430502891,19,Chelsea,Brighton,4,2,26657,2024,677906,0.1305889040231704,0,1,0,0.0729085430502891,0.203497439622879,0.0,Chelsea,3,4,6,0.8,MID,0.0,0.02,0.02,0.0,0.35,0.0,0.0,1.7,8.4,2.8,6.0,33.0,0.0,0.0,0.0,0.0,0.0,0.0,0.0,3.0,0.0,1.0,0.0,0.0,0.0,0.0,0.0,0.0,0.0,0.0,0.0,1.07,1.07,1.5,0.0,0.02,0.02,0.0,0.82,0.0,0.0,1.9,6.4,9.55,3.0,39.0,0.0,0.0,0.0,0.0,0.0,0.0,0.5,2.0,0.0,1.0,0.0,0.0,0.0,0.03,0.0,0.0,0.5,0.0,0.0,0.54,0.54,1.5,0.0,0.02,0.02,0.0,0.59,0.33,0.0,1.3,4.27,7.1,2.0,45.0,0.0,0.0,0.0,0.0,0.33,0.0,0.67,1.67,0.33,0.67,0.0,0.0,0.0,0.02,0.0,0.0,0.33,0.0,0.0,0.36,0.36,1.57,0.0,0.03,0.03,0.0,0.48,0.25,0.0,2.0,8.6,8.65,3.0,45.0,0.0,0.0,0.0,0.0,0.25,0.0,0.5,2.75,0.75,1.5,0.0,0.0,0.0,0.04,0.25,0.25,0.5,0.0,0.0,0.33,0.33,1.8,0.0,0.06,0.06,0.01,0.41,0.4,0.0,2.46,8.36,12.26,4.2,42.4,0.0,0.0,0.0,0.0,0.2,0.0,0.4,2.6,0.6,1.4,0.0,0.2,0.01,0.06,0.2,0.2,0.8,0.0,0.01,0.3,0.29,1.7,-14907.0,-0.8351258335125834
0,0,5,0,19.5,560,0.04,0.04,0.0,0.25,65,0,0,2.4,4.0,2024-10-06,1,False,16,0,0,0,0,7,0,56899,0,1,1,0.0,0,-9456,1341,10797,6.2,True,1,0,0,0.0,1,Chelsea,Nottingham Forest,1,1,26668,2024,680147,0.1988500207662582,0,1,0,0.0,0.1988500207662582,0.1988500207662582,Chelsea,4,4,7,0.8,MID,0.0,0.09,0.16,0.07,0.22,0.0,0.0,2.4,4.2,10.3,9.0,27.0,0.0,0.0,0.0,0.0,0.0,0.0,0.0,2.0,4.0,1.0,0.0,1.0,0.07,0.13,0.0,0.0,1.0,0.0,0.07,0.2,0.0,0.8,0.0,0.06,0.09,0.04,0.28,0.0,0.0,2.05,6.3,6.55,7.5,30.0,0.0,0.0,0.0,0.0,0.0,0.0,0.0,2.5,2.0,1.0,0.0,0.5,0.04,0.07,0.0,0.0,0.5,0.0,0.04,0.64,0.54,1.15,0.0,0.05,0.07,0.02,0.62,0.0,0.0,2.07,5.67,9.8,5.0,35.0,0.0,0.0,0.0,0.0,0.0,0.0,0.33,2.0,1.33,1.0,0.0,0.33,0.02,0.06,0.0,0.0,0.67,0.0,0.02,0.43,0.36,1.27,0.0,0.04,0.06,0.02,0.5,0.25,0.0,1.58,4.25,7.9,3.75,40.5,0.0,0.0,0.0,0.0,0.25,0.0,0.5,1.75,1.25,0.75,0.0,0.25,0.02,0.05,0.0,0.0,0.5,0.0,0.02,0.32,0.27,1.38,0.0,0.04,0.06,0.01,0.43,0.2,0.0,2.08,7.72,8.98,4.2,41.4,0.0,0.0,0.0,0.0,0.2,0.0,0.4,2.6,1.4,1.4,0.0,0.2,0.01,0.06,0.2,0.2,0.6,0.0,0.01,0.31,0.26,1.6,-8782.0,-0.7790410281759763
0,0,6,0,40.9,560,0.09,0.11,0.02,0.78,74,1,0,5.1,8.6,2024-10-20,45,False,12,0,0,0,0,8,0,51808,0,1,2,1.0,1,-5707,727,6434,6.2,False,0,0,1,0.0166405644267797,36,Liverpool,Chelsea,2,1,26679,2024,682212,0.1603420376777649,0,3,0,0.0166405644267797,0.1769825965166092,0.0362117514014244,Chelsea,3,5,8,0.2,MID,0.0,0.04,0.04,0.0,0.25,0.0,0.0,2.4,4.0,19.5,0.0,1.0,0.0,0.0,0.0,0.0,1.0,0.0,0.0,1.0,1.0,0.0,0.0,0.0,0.0,0.2,0.0,0.0,1.0,0.0,0.0,0.2,0.2,0.8,0.0,0.06,0.1,0.04,0.24,0.0,0.0,2.4,4.1,14.9,4.5,14.0,0.0,0.0,0.0,0.0,0.5,0.0,0.0,1.5,2.5,0.5,0.0,0.5,0.04,0.16,0.0,0.0,1.0,0.0,0.04,0.2,0.1,0.8,0.0,0.05,0.07,0.02,0.27,0.0,0.0,2.17,5.53,10.87,5.0,20.33,0.0,0.0,0.0,0.0,0.33,0.0,0.0,2.0,1.67,0.67,0.0,0.33,0.02,0.11,0.0,0.0,0.67,0.0,0.02,0.49,0.42,1.03,0.0,0.04,0.06,0.02,0.53,0.0,0.0,2.15,5.25,12.23,3.75,26.5,0.0,0.0,0.0,0.0,0.25,0.0,0.25,1.75,1.25,0.75,0.0,0.25,0.02,0.1,0.0,0.0,0.75,0.0,0.02,0.37,0.32,1.15,0.0,0.04,0.05,0.01,0.45,0.2,0.0,1.74,4.2,10.22,3.0,32.6,0.0,0.0,0.0,0.0,0.4,0.0,0.4,1.6,1.2,0.6,0.0,0.2,0.01,0.08,0.0,0.0,0.6,0.0,0.01,0.29,0.25,1.26,-5091.0,-0.7969557324396034
1,1,28,0,42.8,560,0.27,0.45,0.18,1.92,85,1,0,11.0,31.4,2024-10-27,90,False,15,0,0,0,0,9,0,51705,1,1,2,36.0,5,-586,1963,2549,6.2,True,1,0,5,0.2504968047142029,90,Chelsea,Newcastle United,2,1,26688,2024,683516,0.7113414406776428,1,3,0,0.2504968047142029,0.962264597415924,0.1263037919998169,Chelsea,4,4,9,2.5,MID,0.0,0.09,0.11,0.02,0.78,1.0,0.0,5.1,8.6,40.9,1.0,45.0,0.0,0.0,0.0,0.0,0.0,0.0,0.0,1.0,2.0,1.0,0.0,1.0,0.02,0.16,0.0,0.0,3.0,0.0,0.02,0.18,0.04,0.2,0.0,0.06,0.08,0.01,0.52,0.5,0.0,3.75,6.3,30.2,0.5,23.0,0.0,0.0,0.0,0.0,0.5,0.0,0.0,1.0,1.5,0.5,0.0,0.5,0.01,0.18,0.0,0.0,2.0,0.0,0.01,0.19,0.12,0.5,0.0,0.07,0.1,0.03,0.42,0.33,0.0,3.3,5.6,23.57,3.33,24.33,0.0,0.0,0.0,0.0,0.33,0.0,0.0,1.33,2.33,0.67,0.0,0.67,0.03,0.16,0.0,0.0,1.67,0.0,0.03,0.19,0.08,0.6,0.0,0.06,0.08,0.02,0.4,0.25,0.0,2.9,6.3,18.38,4.0,26.5,0.0,0.0,0.0,0.0,0.25,0.0,0.0,1.75,1.75,0.75,0.0,0.5,0.02,0.12,0.0,0.0,1.25,0.0,0.02,0.41,0.33,0.82,0.0,0.05,0.07,0.02,0.58,0.2,0.0,2.74,5.92,17.96,3.2,30.2,0.0,0.0,0.0,0.0,0.2,0.0,0.2,1.6,1.4,0.8,0.0,0.4,0.02,0.11,0.0,0.0,1.2,0.0,0.02,0.33,0.26,0.96,-103.0,-0.12987588652482268
0,0,10,0,2.4,560,0.01,0.07,0.06,1.98,95,1,0,2.7,8.0,2024-11-03,90,False,14,0,0,0,0,10,0,70829,1,1,1,17.0,2,17494,20581,3087,6.2,False,0,0,2,0.0550673156976699,90,Manchester United,Chelsea,1,1,26697,2024,685878,0.0,0,0,0,0.0550673156976699,0.1065343469381332,0.0514670312404632,Chelsea,3,3,10,3.2,MID,0.0,0.27,0.45,0.18,1.92,1.0,0.0,11.0,31.4,42.8,36.0,90.0,0.0,0.0,0.0,0.0,1.0,0.0,1.0,1.0,2.0,5.0,0.0,5.0,0.25,0.71,1.0,1.0,3.0,0.0,0.25,0.96,0.13,2.5,0.0,0.18,0.28,0.1,1.35,1.0,0.0,8.05,20.0,41.85,18.5,67.5,0.0,0.0,0.0,0.0,0.5,0.0,0.5,1.0,2.0,3.0,0.0,3.0,0.13,0.44,0.5,0.5,3.0,0.0,0.13,0.57,0.08,1.35,0.0,0.13,0.2,0.07,0.98,0.67,0.0,6.17,14.67,34.4,12.33,45.33,0.0,0.0,0.0,0.0,0.67,0.0,0.33,1.0,1.67,2.0,0.0,2.0,0.09,0.36,0.33,0.33,2.33,0.0,0.09,0.45,0.12,1.17,0.0,0.12,0.19,0.07,0.79,0.5,0.0,5.22,12.05,28.38,11.5,40.75,0.0,0.0,0.0,0.0,0.5,0.0,0.25,1.25,2.25,1.75,0.0,1.75,0.09,0.3,0.25,0.25,2.0,0.0,0.09,0.39,0.09,1.08,0.0,0.1,0.16,0.05,0.7,0.4,0.0,4.52,11.32,23.26,10.4,39.2,0.0,0.0,0.0,0.0,0.4,0.0,0.2,1.6,1.8,1.6,0.0,1.4,0.07,0.24,0.2,0.2,1.6,0.0,0.07,0.52,0.29,1.16,19124.0,0.7391414568193341
0,3,35,0,35.3,560,0.52,0.58,0.06,0.99,103,1,1,9.7,44.4,2024-11-10,90,False,1,0,0,0,0,11,0,75229,1,1,1,17.0,9,4077,9779,5702,6.2,True,1,1,3,0.08494134247303,90,Chelsea,Arsenal,1,1,26705,2024,687563,0.6295479536056519,0,2,1,0.08494134247303,0.7395736575126648,0.0572960972785949,Chelsea,5,4,11,4.8,MID,0.0,0.01,0.07,0.06,1.98,1.0,0.0,2.7,8.0,2.4,17.0,90.0,0.0,0.0,0.0,0.0,0.0,0.0,1.0,1.0,1.0,2.0,0.0,2.0,0.06,0.0,0.0,0.0,0.0,0.0,0.06,0.11,0.05,3.2,0.0,0.14,0.26,0.12,1.95,1.0,0.0,6.85,19.7,22.6,26.5,90.0,0.0,0.0,0.0,0.0,0.5,0.0,1.0,1.0,1.5,3.5,0.0,3.5,0.15,0.36,0.5,0.5,1.5,0.0,0.15,0.53,0.09,2.85,0.0,0.12,0.21,0.09,1.56,1.0,0.0,6.27,16.0,28.7,18.0,75.0,0.0,0.0,0.0,0.0,0.33,0.0,0.67,1.0,1.67,2.67,0.0,2.67,0.11,0.29,0.33,0.33,2.0,0.0,0.11,0.42,0.07,1.97,0.0,0.1,0.17,0.06,1.23,0.75,0.0,5.3,13.0,26.4,13.5,56.5,0.0,0.0,0.0,0.0,0.5,0.0,0.5,1.0,1.5,2.0,0.0,2.0,0.08,0.27,0.25,0.25,1.75,0.0,0.08,0.36,0.1,1.68,0.0,0.1,0.17,0.07,1.03,0.6,0.0,4.72,11.24,23.18,12.6,50.6,0.0,0.0,0.0,0.0,0.4,0.0,0.4,1.2,2.0,1.8,0.0,1.8,0.08,0.24,0.2,0.2,1.6,0.0,0.08,0.33,0.08,1.5,4400.0,0.2633550804211614
0,0,8,1,7.1,560,0.05,0.08,0.03,1.15,123,0,0,1.6,3.6,2024-12-01,90,False,2,0,0,0,0,13,0,159186,1,0,3,5.0,3,-30255,10524,40779,6.2,True,0,0,1,0.0395656526088714,90,Chelsea,Aston Villa,3,0,26724,2024,690681,0.0,0,0,0,0.0395656526088714,0.2591302394866943,0.2195645868778228,Chelsea,3,4,13,3.0,MID,0.0,0.52,0.58,0.06,0.99,1.0,1.0,9.7,44.4,35.3,17.0,90.0,0.0,0.0,0.0,0.0,1.0,0.0,1.0,1.0,1.0,9.0,1.0,3.0,0.08,0.63,0.0,0.0,2.0,1.0,0.08,0.74,0.06,4.8,0.0,0.26,0.32,0.06,1.48,1.0,0.5,6.2,26.2,18.85,17.0,90.0,0.0,0.0,0.0,0.0,0.5,0.0,1.0,1.0,1.0,5.5,0.5,2.5,0.07,0.31,0.0,0.0,1.0,0.5,0.07,0.42,0.05,4.0,0.0,0.27,0.37,0.1,1.63,1.0,0.33,7.8,27.93,26.83,23.33,90.0,0.0,0.0,0.0,0.0,0.67,0.0,1.0,1.0,1.33,5.33,0.33,3.33,0.13,0.45,0.33,0.33,1.67,0.33,0.13,0.6,0.08,3.5,0.0,0.22,0.3,0.08,1.42,1.0,0.25,7.12,23.1,30.35,17.75,78.75,0.0,0.0,0.0,0.0,0.5,0.0,0.75,1.0,1.5,4.25,0.25,2.75,0.1,0.38,0.25,0.25,2.0,0.25,0.1,0.5,0.07,2.68,0.0,0.19,0.25,0.06,1.18,0.8,0.2,6.18,19.28,28.18,14.2,63.2,0.0,0.0,0.0,0.0,0.6,0.0,0.6,1.0,1.4,3.4,0.2,2.2,0.08,0.34,0.2,0.2,1.8,0.2,0.08,0.44,0.09,2.3,83957.0,-0.589731594643588
0,0,12,0,33.9,560,0.34,0.41,0.07,1.93,149,2,0,7.5,12.4,2024-12-08,85,False,18,0,0,0,0,15,0,123573,1,4,3,29.0,1,-23744,4695,28439,6.2,False,1,0,1,0.0655604973435401,88,Tottenham,Chelsea,3,4,26745,2024,693037,0.3359570503234863,0,3,0,0.0655604973435401,0.5210309028625488,0.1195133626461029,Chelsea,3,3,15,1.0,MID,1.0,0.05,0.08,0.03,1.15,0.0,0.0,1.6,3.6,7.1,5.0,90.0,0.0,0.0,0.0,0.0,0.0,0.0,1.0,0.0,3.0,3.0,0.0,1.0,0.04,0.0,0.0,0.0,0.0,0.0,0.04,0.26,0.22,3.0,0.5,0.29,0.33,0.04,1.07,0.5,0.5,5.65,24.0,21.2,11.0,90.0,0.0,0.0,0.0,0.0,0.5,0.0,1.0,0.5,2.0,6.0,0.5,2.0,0.06,0.31,0.0,0.0,1.0,0.5,0.06,0.5,0.14,3.9,0.33,0.19,0.24,0.05,1.37,0.67,0.33,4.67,18.67,14.93,13.0,90.0,0.0,0.0,0.0,0.0,0.33,0.0,1.0,0.67,1.67,4.67,0.33,2.0,0.06,0.21,0.0,0.0,0.67,0.33,0.06,0.37,0.11,3.67,0.25,0.21,0.3,0.08,1.51,0.75,0.25,6.25,21.85,21.9,18.75,90.0,0.0,0.0,0.0,0.0,0.5,0.0,1.0,0.75,1.75,4.75,0.25,2.75,0.11,0.34,0.25,0.25,1.25,0.25,0.11,0.52,0.11,3.38,0.2,0.19,0.26,0.07,1.36,0.8,0.2,6.02,19.2,25.7,15.2,81.0,0.0,0.0,0.0,0.0,0.4,0.0,0.8,0.8,1.8,4.0,0.2,2.4,0.09,0.3,0.2,0.2,1.6,0.2,0.09,0.45,0.1,2.74,-35613.0,-0.7166052996921591
0,0,5,1,3.0,560,0.03,0.12,0.09,0.71,164,0,0,2.8,3.2,2024-12-22,75,False,8,0,0,0,0,17,0,82918,1,0,0,22.0,3,-4571,3826,8397,6.2,False,0,0,2,0.0718861892819404,77,Everton,Chelsea,0,0,26764,2024,695775,0.0,0,0,0,0.0718861892819404,0.6468334197998047,0.5749471783638,Chelsea,3,3,17,1.7,MID,0.0,0.34,0.41,0.07,1.93,2.0,0.0,7.5,12.4,33.9,29.0,85.0,0.0,0.0,0.0,0.0,1.0,0.0,1.0,4.0,3.0,1.0,0.0,1.0,0.07,0.34,0.0,0.0,3.0,0.0,0.07,0.52,0.12,1.0,0.5,0.2,0.25,0.05,1.54,1.0,0.0,4.55,8.0,20.5,17.0,87.5,0.0,0.0,0.0,0.0,0.5,0.0,1.0,2.0,3.0,2.0,0.0,1.0,0.05,0.17,0.0,0.0,1.5,0.0,0.05,0.39,0.17,2.0,0.33,0.3,0.36,0.05,1.36,1.0,0.33,6.27,20.13,25.43,17.0,88.33,0.0,0.0,0.0,0.0,0.67,0.0,1.0,1.67,2.33,4.33,0.33,1.67,0.06,0.32,0.0,0.0,1.67,0.33,0.06,0.51,0.13,2.93,0.25,0.23,0.29,0.06,1.51,1.0,0.25,5.37,17.1,19.67,17.0,88.75,0.0,0.0,0.0,0.0,0.5,0.0,1.0,1.5,2.0,3.75,0.25,1.75,0.06,0.24,0.0,0.0,1.25,0.25,0.06,0.41,0.11,3.0,0.2,0.24,0.32,0.08,1.59,1.0,0.2,6.5,19.96,24.3,20.8,89.0,0.0,0.0,0.0,0.0,0.6,0.0,1.0,1.4,2.0,4.0,0.2,2.4,0.1,0.34,0.2,0.2,1.6,0.2,0.1,0.52,0.11,2.9,-40655.0,-0.37396711118383374
0,0,9,0,18.8,560,0.1,0.13,0.03,1.78,174,2,0,3.8,7.8,2024-12-26,90,False,9,0,0,0,0,18,0,81210,1,2,1,11.0,1,-2319,4233,6552,6.2,True,1,0,1,0.0649060681462287,90,Chelsea,Fulham,1,2,26775,2024,696185,0.0133604919537901,0,1,0,0.0649060681462287,0.2870456874370575,0.2087791264057159,Chelsea,3,4,18,1.8,MID,1.0,0.03,0.12,0.09,0.71,0.0,0.0,2.8,3.2,3.0,22.0,75.0,0.0,0.0,0.0,0.0,0.0,0.0,1.0,0.0,0.0,3.0,0.0,2.0,0.07,0.0,0.0,0.0,0.0,0.0,0.07,0.65,0.57,1.7,0.5,0.18,0.26,0.08,1.32,1.0,0.0,5.15,7.8,18.45,25.5,80.0,0.0,0.0,0.0,0.0,0.5,0.0,1.0,2.0,1.5,2.0,0.0,1.5,0.07,0.17,0.0,0.0,1.5,0.0,0.07,0.58,0.35,1.35,0.67,0.14,0.2,0.06,1.26,0.67,0.0,3.97,6.4,14.67,18.67,83.33,0.0,0.0,0.0,0.0,0.33,0.0,1.0,1.33,2.0,2.33,0.0,1.33,0.06,0.11,0.0,0.0,1.0,0.0,0.06,0.48,0.3,1.9,0.5,0.24,0.3,0.06,1.2,0.75,0.25,5.4,15.9,19.82,18.25,85.0,0.0,0.0,0.0,0.0,0.5,0.0,1.0,1.25,1.75,4.0,0.25,1.75,0.07,0.24,0.0,0.0,1.25,0.25,0.07,0.54,0.24,2.62,0.4,0.19,0.25,0.06,1.35,0.8,0.2,4.86,14.32,16.34,18.0,86.0,0.0,0.0,0.0,0.0,0.4,0.0,1.0,1.2,1.6,3.6,0.2,1.8,0.06,0.19,0.0,0.0,1.0,0.2,0.06,0.45,0.2,2.74,-1708.0,-0.21502086230876216
0,0,4,0,0.8,560,0.0,0.02,0.02,0.0,186,0,0,0.4,1.2,2024-12-30,13,False,10,0,0,0,0,19,0,81635,0,0,2,2.0,1,-126,5557,5683,6.2,False,0,0,1,0.0266837067902088,8,Ipswich,Chelsea,2,0,26787,2024,696916,0.0,0,0,0,0.0266837067902088,0.0878965109586715,0.0612128041684627,Chelsea,3,2,19,1.5,MID,0.0,0.1,0.13,0.03,1.78,2.0,0.0,3.8,7.8,18.8,11.0,90.0,0.0,0.0,0.0,0.0,1.0,0.0,1.0,2.0,1.0,1.0,0.0,1.0,0.06,0.01,0.0,0.0,1.0,0.0,0.06,0.29,0.21,1.8,0.5,0.06,0.13,0.06,1.25,1.0,0.0,3.3,5.5,10.9,16.5,82.5,0.0,0.0,0.0,0.0,0.5,0.0,1.0,1.0,0.5,2.0,0.0,1.5,0.07,0.01,0.0,0.0,0.5,0.0,0.07,0.47,0.39,1.75,0.33,0.16,0.22,0.06,1.47,1.33,0.0,4.7,7.8,18.57,20.67,83.33,0.0,0.0,0.0,0.0,0.67,0.0,1.0,2.0,1.33,1.67,0.0,1.33,0.07,0.12,0.0,0.0,1.33,0.0,0.07,0.48,0.3,1.5,0.5,0.13,0.19,0.06,1.39,1.0,0.0,3.92,6.75,15.7,16.75,85.0,0.0,0.0,0.0,0.0,0.5,0.0,1.0,1.5,1.75,2.0,0.0,1.25,0.06,0.09,0.0,0.0,1.0,0.0,0.06,0.43,0.28,1.87,0.4,0.21,0.26,0.06,1.31,1.0,0.2,5.08,14.28,19.62,16.8,86.0,0.0,0.0,0.0,0.0,0.6,0.0,1.0,1.4,1.6,3.4,0.2,1.6,0.07,0.2,0.0,0.0,1.2,0.2,0.07,0.49,0.24,2.46,425.0,-0.011209964412811389
0,0,5,0,27.8,560,0.08,0.32,0.24,1.08,194,1,0,6.7,6.0,2025-01-04,90,False,7,0,0,0,0,20,0,77544,1,1,1,33.0,2,-4569,3197,7766,6.2,False,0,0,4,0.3614662587642669,90,Crystal Palace,Chelsea,1,1,26795,2024,697181,0.1312825232744217,0,2,0,0.3614662587642669,0.4430083036422729,0.1237018480896949,Chelsea,3,3,20,1.8,MID,0.0,0.0,0.02,0.02,0.0,0.0,0.0,0.4,1.2,0.8,2.0,13.0,0.0,0.0,0.0,0.0,0.0,0.0,0.0,0.0,2.0,1.0,0.0,1.0,0.03,0.0,0.0,0.0,0.0,0.0,0.03,0.09,0.06,1.5,0.0,0.05,0.08,0.02,0.89,1.0,0.0,2.1,4.5,9.8,6.5,51.5,0.0,0.0,0.0,0.0,0.5,0.0,0.5,1.0,1.5,1.0,0.0,1.0,0.05,0.01,0.0,0.0,0.5,0.0,0.05,0.19,0.13,1.65,0.33,0.04,0.09,0.05,0.83,0.67,0.0,2.33,4.07,7.53,11.67,59.33,0.0,0.0,0.0,0.0,0.33,0.0,0.67,0.67,1.0,1.67,0.0,1.33,0.05,0.0,0.0,0.0,0.33,0.0,0.05,0.34,0.28,1.67,0.25,0.12,0.17,0.05,1.1,1.0,0.0,3.62,6.15,14.12,16.0,65.75,0.0,0.0,0.0,0.0,0.5,0.0,0.75,1.5,1.5,1.5,0.0,1.25,0.06,0.09,0.0,0.0,1.0,0.0,0.06,0.39,0.24,1.5,0.4,0.1,0.15,0.05,1.11,0.8,0.0,3.22,5.64,12.72,13.8,70.6,0.0,0.0,0.0,0.0,0.4,0.0,0.8,1.2,1.8,1.8,0.0,1.2,0.05,0.07,0.0,0.0,0.8,0.0,0.05,0.36,0.24,1.8,-4091.0,-0.41676548390039225
