assists_x,bonus,bps,clean_sheets,creativity,element,expected_assists,expected_goal_involvements,expected_goals,expected_goals_conceded,fixture,goals_conceded,goals_scored,ict_index,influence,date,minutes,opponent_team,own_goals,penalties_missed,penalties_saved,red_cards,round,saves,selected,starts,team_a_score,team_h_score,threat,total_points,transfers_balance,transfers_in,transfers_out,value,was_home,yellow_cards,goals,shots,xG,time,h_team,a_team,h_goals,a_goals,id,season,roster_id,xA,assists_y,key_passes,npg,npxG,xGChain,xGBuildup,fpl_id,understat_id,player_team,FPL_Name,Understat_Name,team_h_difficulty,team_a_difficulty,event,xP,position,clean_sheets_1,expected_assists_1,expected_goal_involvements_1,expected_goals_1,expected_goals_conceded_1,goals_conceded_1,goals_scored_1,ict_index_1,influence_1,creativity_1,threat_1,minutes_1,own_goals_1,penalties_missed_1,penalties_saved_1,red_cards_1,yellow_cards_1,saves_1,starts_1,team_a_score_1,team_h_score_1,total_points_1,goals_1,shots_1,xG_1,xA_1,assists_x_1,assists_y_1,key_passes_1,npg_1,npxG_1,xGChain_1,xGBuildup_1,xP_1,clean_sheets_3,expected_assists_3,expected_goal_involvements_3,expected_goals_3,expected_goals_conceded_3,goals_conceded_3,goals_scored_3,ict_index_3,influence_3,creativity_3,threat_3,minutes_3,own_goals_3,penalties_missed_3,penalties_saved_3,red_cards_3,yellow_cards_3,saves_3,starts_3,team_a_score_3,team_h_score_3,total_points_3,goals_3,shots_3,xG_3,xA_3,assists_x_3,assists_y_3,key_passes_3,npg_3,npxG_3,xGChain_3,xGBuildup_3,xP_3,clean_sheets_5,expected_assists_5,expected_goal_involvements_5,expected_goals_5,expected_goals_conceded_5,goals_conceded_5,goals_scored_5,ict_index_5,influence_5,creativity_5,threat_5,minutes_5,own_goals_5,penalties_missed_5,penalties_saved_5,red_cards_5,yellow_cards_5,saves_5,starts_5,team_a_score_5,team_h_score_5,total_points_5,goals_5,shots_5,xG_5,xA_5,assists_x_5,assists_y_5,key_passes_5,npg_5,npxG_5,xGChain_5,xGBuildup_5,xP_5,ownership_change,percenatge_net_transfers
0,0,5,0,14.5,706,0.1,0.15,0.05,0.13,47,0,0,1.9,0.4,2023-09-18,14,16,0,0,0,0,5,0,368,0,1,1,4.0,1,155,178,23,5.5,False,0,0,1,0.0486378744244575,12,Nottingham Forest,Burnley,1,1,21944,2023,611609,0.3714017271995544,0,1,0,0.0486378744244575,0.0486378744244575,0.0,706,12094,Burnley,Mike Trésor,Mike Trésor,2,2,5,1.6,MID,,,,,,,,,,,,,,,,,,,,,,,,,,,,,,,,,,,,,,,,,,,,,,,,,,,,,,,,,,,,,,,,,,,,,,,,,,,,,,,,,,,,,,,,,,,,,,,,,,,,,,,0.0,0.7711442786069652
0,0,10,0,16.5,706,0.03,0.03,0.0,0.75,54,1,0,2.5,8.6,2023-09-23,70,14,0,0,0,0,6,0,645,0,1,0,0.0,2,109,190,81,5.5,True,0,0,0,0.0,71,Burnley,Manchester United,0,1,21950,2023,612525,0.0366384163498878,0,1,0,0.0,0.0588519722223281,0.0588519722223281,706,12094,Burnley,Mike Trésor,Mike Trésor,3,2,6,0.5,MID,0.0,0.1,0.15,0.05,0.13,0.0,0.0,1.9,0.4,14.5,4.0,14.0,0.0,0.0,0.0,0.0,0.0,0.0,0.0,1.0,1.0,1.0,0.0,1.0,0.05,0.37,0.0,0.0,1.0,0.0,0.05,0.05,0.0,1.6,0.0,0.03,0.05,0.02,0.04,0.0,0.0,0.63,0.13,4.83,1.33,4.67,0.0,0.0,0.0,0.0,0.0,0.0,0.0,0.33,0.33,0.33,0.0,0.33,0.02,0.12,0.0,0.0,0.33,0.0,0.02,0.02,0.0,0.53,0.0,0.02,0.03,0.01,0.03,0.0,0.0,0.38,0.08,2.9,0.8,2.8,0.0,0.0,0.0,0.0,0.0,0.0,0.0,0.2,0.2,0.2,0.0,0.2,0.01,0.07,0.0,0.0,0.2,0.0,0.01,0.01,0.0,0.32,277.0,0.4022140221402214
0,0,-1,0,0.1,706,0.0,0.21,0.21,1.19,73,2,0,1.1,3.4,2023-10-07,60,7,0,0,0,0,8,0,2394,1,4,1,7.0,2,-876,211,1087,5.5,True,0,0,1,0.4783159494400024,64,Burnley,Chelsea,1,4,21967,2023,616378,0.0,0,0,0,0.4783159494400024,0.5830299258232117,0.1047139540314674,706,12094,Burnley,Mike Trésor,Mike Trésor,3,2,8,0.5,MID,0.0,0.03,0.03,0.0,0.75,1.0,0.0,2.5,8.6,16.5,0.0,70.0,0.0,0.0,0.0,0.0,0.0,0.0,0.0,1.0,0.0,2.0,0.0,0.0,0.0,0.04,0.0,0.0,1.0,0.0,0.0,0.06,0.06,0.5,0.0,0.04,0.06,0.02,0.29,0.33,0.0,1.47,3.0,10.33,1.33,28.0,0.0,0.0,0.0,0.0,0.0,0.0,0.0,0.67,0.33,1.0,0.0,0.33,0.02,0.14,0.0,0.0,0.67,0.0,0.02,0.04,0.02,0.7,0.0,0.03,0.04,0.01,0.18,0.2,0.0,0.88,1.8,6.2,0.8,16.8,0.0,0.0,0.0,0.0,0.0,0.0,0.0,0.4,0.2,0.6,0.0,0.2,0.01,0.08,0.0,0.0,0.4,0.0,0.01,0.02,0.01,0.42,1749.0,-0.674884437596302
0,0,6,0,23.1,706,0.04,0.08,0.04,2.79,83,2,0,3.3,1.6,2023-10-21,65,4,0,0,0,0,9,0,2285,1,0,3,8.0,2,-362,103,465,5.5,False,0,0,1,0.0710967555642128,70,Brentford,Burnley,3,0,21977,2023,618114,0.0729261711239814,0,2,0,0.0710967555642128,0.1158733516931533,0.0,706,12094,Burnley,Mike Trésor,Mike Trésor,2,2,9,0.5,MID,0.0,0.0,0.21,0.21,1.19,2.0,0.0,1.1,3.4,0.1,7.0,60.0,0.0,0.0,0.0,0.0,0.0,0.0,1.0,4.0,1.0,2.0,0.0,1.0,0.48,0.0,0.0,0.0,0.0,0.0,0.48,0.58,0.1,0.5,0.0,0.04,0.13,0.09,0.69,1.0,0.0,1.83,4.13,10.37,3.67,48.0,0.0,0.0,0.0,0.0,0.0,0.0,0.33,2.0,0.67,1.67,0.0,0.67,0.18,0.14,0.0,0.0,0.67,0.0,0.18,0.23,0.05,0.87,0.0,0.03,0.08,0.05,0.41,0.6,0.0,1.1,2.48,6.22,2.2,28.8,0.0,0.0,0.0,0.0,0.0,0.0,0.2,1.2,0.4,1.0,0.0,0.4,0.11,0.08,0.0,0.0,0.4,0.0,0.11,0.14,0.03,0.52,-109.0,-0.6373239436619719
0,0,3,0,0.3,706,0.0,0.0,0.0,0.01,93,0,0,0.0,0.0,2023-10-28,9,3,0,0,0,0,10,0,2228,0,1,2,0.0,1,-196,139,335,5.5,False,0,0,0,0.0,6,Bournemouth,Burnley,2,1,21985,2023,619891,0.0,0,0,0,0.0,0.0,0.0,706,12094,Burnley,Mike Trésor,Mike Trésor,2,2,10,0.7,MID,0.0,0.04,0.08,0.04,2.79,2.0,0.0,3.3,1.6,23.1,8.0,65.0,0.0,0.0,0.0,0.0,0.0,0.0,1.0,0.0,3.0,2.0,0.0,1.0,0.07,0.07,0.0,0.0,2.0,0.0,0.07,0.12,0.0,0.5,0.0,0.02,0.11,0.08,1.58,1.67,0.0,2.3,4.53,13.23,5.0,65.0,0.0,0.0,0.0,0.0,0.0,0.0,0.67,1.67,1.33,2.0,0.0,0.67,0.18,0.04,0.0,0.0,1.0,0.0,0.18,0.25,0.05,0.5,0.0,0.03,0.09,0.06,0.97,1.0,0.0,1.76,2.8,10.84,3.8,41.8,0.0,0.0,0.0,0.0,0.0,0.0,0.4,1.2,1.0,1.4,0.0,0.6,0.12,0.1,0.0,0.0,0.8,0.0,0.12,0.16,0.03,0.62,-57.0,-0.41350210970464135
0,0,3,0,0.5,706,0.03,0.03,0.0,0.35,102,1,0,0.1,0.4,2023-11-04,4,8,0,0,0,0,11,0,2172,0,2,0,0.0,1,-191,131,322,5.5,True,0,0,0,0.0,2,Burnley,Crystal Palace,0,2,21996,2023,621561,0.0,0,0,0,0.0,0.0,0.0,706,12094,Burnley,Mike Trésor,Mike Trésor,2,2,11,0.8,MID,0.0,0.0,0.0,0.0,0.01,0.0,0.0,0.0,0.0,0.3,0.0,9.0,0.0,0.0,0.0,0.0,0.0,0.0,0.0,1.0,2.0,1.0,0.0,0.0,0.0,0.0,0.0,0.0,0.0,0.0,0.0,0.0,0.0,0.7,0.0,0.01,0.1,0.08,1.33,1.33,0.0,1.47,1.67,7.83,5.0,44.67,0.0,0.0,0.0,0.0,0.0,0.0,0.67,1.67,2.0,1.67,0.0,0.67,0.18,0.02,0.0,0.0,0.67,0.0,0.18,0.23,0.03,0.57,0.0,0.03,0.09,0.06,0.97,1.0,0.0,1.76,2.8,10.9,3.8,43.6,0.0,0.0,0.0,0.0,0.0,0.0,0.4,1.4,1.4,1.6,0.0,0.6,0.12,0.1,0.0,0.0,0.8,0.0,0.12,0.16,0.03,0.76,-56.0,-0.4216335540838852
0,0,4,0,4.6,706,0.23,0.23,0.0,0.03,134,0,0,0.9,2.2,2023-12-02,14,17,0,0,0,0,14,0,2264,0,0,5,2.0,1,-84,129,213,5.5,True,0,0,0,0.0,8,Burnley,Sheffield United,5,0,22028,2023,626478,0.0,0,0,0,0.0,0.0769781842827797,0.0769781842827797,706,12094,Burnley,Mike Trésor,Mike Trésor,2,2,14,0.5,MID,0.0,0.03,0.03,0.0,0.35,1.0,0.0,0.1,0.4,0.5,0.0,4.0,0.0,0.0,0.0,0.0,0.0,0.0,0.0,2.0,0.0,1.0,0.0,0.0,0.0,0.0,0.0,0.0,0.0,0.0,0.0,0.0,0.0,0.8,0.0,0.02,0.04,0.01,1.05,1.0,0.0,1.13,0.67,7.97,2.67,26.0,0.0,0.0,0.0,0.0,0.0,0.0,0.33,1.0,1.67,1.33,0.0,0.33,0.02,0.02,0.0,0.0,0.67,0.0,0.02,0.04,0.0,0.67,0.0,0.02,0.07,0.05,1.02,1.2,0.0,1.4,2.8,8.1,3.0,41.6,0.0,0.0,0.0,0.0,0.0,0.0,0.4,1.6,1.2,1.6,0.0,0.4,0.11,0.02,0.0,0.0,0.6,0.0,0.11,0.15,0.03,0.6,92.0,-0.24561403508771928
0,0,2,0,2.1,706,0.0,0.06,0.06,0.01,149,0,0,1.1,6.4,2023-12-05,20,20,0,0,0,0,15,0,2305,0,0,1,2.0,1,-2,125,127,5.4,False,0,0,1,0.0567403957247734,16,Wolverhampton Wanderers,Burnley,1,0,22042,2023,627897,0.0,0,0,0,0.0567403957247734,0.0,0.0,706,12094,Burnley,Mike Trésor,Mike Trésor,2,2,15,0.0,MID,0.0,0.23,0.23,0.0,0.03,0.0,0.0,0.9,2.2,4.6,2.0,14.0,0.0,0.0,0.0,0.0,0.0,0.0,0.0,0.0,5.0,1.0,0.0,0.0,0.0,0.0,0.0,0.0,0.0,0.0,0.0,0.08,0.08,0.5,0.0,0.09,0.09,0.0,0.13,0.33,0.0,0.33,0.87,1.8,0.67,9.0,0.0,0.0,0.0,0.0,0.0,0.0,0.0,1.0,2.33,1.0,0.0,0.0,0.0,0.0,0.0,0.0,0.0,0.0,0.0,0.03,0.03,0.67,0.0,0.06,0.11,0.05,0.87,1.0,0.0,1.08,1.52,5.72,3.4,30.4,0.0,0.0,0.0,0.0,0.0,0.0,0.4,1.4,2.2,1.4,0.0,0.4,0.11,0.01,0.0,0.0,0.4,0.0,0.11,0.16,0.04,0.6,41.0,-0.007936507936507936
0,0,7,0,0.8,706,0.01,0.01,0.0,1.11,152,0,0,0.5,4.2,2023-12-09,12,5,0,0,0,0,16,0,2303,0,1,1,0.0,1,-32,118,150,5.4,False,0,0,0,0.0,10,Brighton,Burnley,1,1,22046,2023,628717,0.0,0,0,0,0.0,0.0,0.0,706,12094,Burnley,Mike Trésor,Mike Trésor,2,3,16,0.1,MID,0.0,0.0,0.06,0.06,0.01,0.0,0.0,1.1,6.4,2.1,2.0,20.0,0.0,0.0,0.0,0.0,0.0,0.0,0.0,0.0,1.0,1.0,0.0,1.0,0.06,0.0,0.0,0.0,0.0,0.0,0.06,0.0,0.0,0.0,0.0,0.09,0.11,0.02,0.13,0.33,0.0,0.7,3.0,2.4,1.33,12.67,0.0,0.0,0.0,0.0,0.0,0.0,0.0,0.67,2.0,1.0,0.0,0.33,0.02,0.0,0.0,0.0,0.0,0.0,0.02,0.03,0.03,0.43,0.0,0.06,0.08,0.02,0.64,0.6,0.0,1.08,2.12,6.12,2.4,22.4,0.0,0.0,0.0,0.0,0.0,0.0,0.2,0.6,2.2,1.2,0.0,0.4,0.03,0.01,0.0,0.0,0.4,0.0,0.03,0.04,0.02,0.5,-2.0,-0.11940298507462686
0,0,2,0,0.1,706,0.0,0.01,0.01,0.27,164,0,0,0.1,0.0,2023-12-16,3,9,0,0,0,0,17,0,2215,0,2,0,1.0,1,-136,60,196,5.4,True,0,0,1,0.0068078828044235,1,Burnley,Everton,0,2,22058,2023,630491,0.0,0,0,0,0.0068078828044235,0.0068078828044235,0.0068078828044235,706,12094,Burnley,Mike Trésor,Mike Trésor,2,2,17,0.3,MID,0.0,0.01,0.01,0.0,1.11,0.0,0.0,0.5,4.2,0.8,0.0,12.0,0.0,0.0,0.0,0.0,0.0,0.0,0.0,1.0,1.0,1.0,0.0,0.0,0.0,0.0,0.0,0.0,0.0,0.0,0.0,0.0,0.0,0.1,0.0,0.08,0.1,0.02,0.38,0.0,0.0,0.83,4.27,2.5,1.33,15.33,0.0,0.0,0.0,0.0,0.0,0.0,0.0,0.33,2.33,1.0,0.0,0.33,0.02,0.0,0.0,0.0,0.0,0.0,0.02,0.03,0.03,0.2,0.0,0.05,0.07,0.01,0.3,0.2,0.0,0.52,2.64,1.66,0.8,11.8,0.0,0.0,0.0,0.0,0.0,0.0,0.0,0.8,1.8,1.0,0.0,0.2,0.01,0.0,0.0,0.0,0.0,0.0,0.01,0.02,0.02,0.42,-88.0,-0.53125
0,0,6,0,30.3,706,0.06,0.06,0.0,0.47,173,0,0,3.5,4.8,2023-12-23,43,10,0,0,0,0,18,0,2239,0,2,0,0.0,1,-21,66,87,5.4,False,0,0,0,0.0,40,Fulham,Burnley,0,2,22067,2023,632723,0.155442476272583,0,2,0,0.0,0.0738415867090225,0.0738415867090225,706,12094,Burnley,Mike Trésor,Mike Trésor,2,3,18,0.3,MID,0.0,0.0,0.01,0.01,0.27,0.0,0.0,0.1,0.0,0.1,1.0,3.0,0.0,0.0,0.0,0.0,0.0,0.0,0.0,2.0,0.0,1.0,0.0,1.0,0.01,0.0,0.0,0.0,0.0,0.0,0.01,0.01,0.01,0.3,0.0,0.0,0.03,0.02,0.46,0.0,0.0,0.57,3.53,1.0,1.0,11.67,0.0,0.0,0.0,0.0,0.0,0.0,0.0,1.0,0.67,1.0,0.0,0.67,0.02,0.0,0.0,0.0,0.0,0.0,0.02,0.0,0.0,0.13,0.0,0.05,0.07,0.01,0.35,0.2,0.0,0.54,2.64,1.62,1.0,10.6,0.0,0.0,0.0,0.0,0.0,0.0,0.0,1.0,1.4,1.0,0.0,0.4,0.01,0.0,0.0,0.0,0.0,0.0,0.01,0.02,0.02,0.34,24.0,-0.13725490196078433
0,0,13,0,16.4,706,0.04,0.04,0.0,1.32,185,1,0,2.5,8.2,2023-12-26,60,11,0,0,0,0,19,0,2303,1,2,0,0.0,2,23,120,97,5.4,True,0,0,0,0.0,63,Burnley,Liverpool,0,2,22079,2023,633011,0.0126938940957188,0,1,0,0.0,0.0,0.0,706,12094,Burnley,Mike Trésor,Mike Trésor,4,2,19,0.2,MID,0.0,0.06,0.06,0.0,0.47,0.0,0.0,3.5,4.8,30.3,0.0,43.0,0.0,0.0,0.0,0.0,0.0,0.0,0.0,2.0,0.0,1.0,0.0,0.0,0.0,0.16,0.0,0.0,2.0,0.0,0.0,0.07,0.07,0.3,0.0,0.02,0.03,0.0,0.62,0.0,0.0,1.37,3.0,10.4,0.33,19.33,0.0,0.0,0.0,0.0,0.0,0.0,0.0,1.67,0.33,1.0,0.0,0.33,0.0,0.05,0.0,0.0,0.67,0.0,0.0,0.03,0.03,0.23,0.0,0.06,0.07,0.01,0.38,0.0,0.0,1.22,3.52,7.58,1.0,18.4,0.0,0.0,0.0,0.0,0.0,0.0,0.0,1.0,1.4,1.0,0.0,0.4,0.01,0.03,0.0,0.0,0.4,0.0,0.01,0.03,0.03,0.24,64.0,0.10599078341013825
0,0,3,0,0.1,706,0.0,0.0,0.0,1.11,191,1,0,0.0,0.2,2023-12-30,16,2,0,0,0,0,20,0,2331,0,2,3,0.0,1,-17,131,148,5.4,False,0,0,0,0.0,9,Aston Villa,Burnley,3,2,22085,2023,633542,0.0,0,0,0,0.0,0.0,0.0,706,12094,Burnley,Mike Trésor,Mike Trésor,2,4,20,0.7,MID,0.0,0.04,0.04,0.0,1.32,1.0,0.0,2.5,8.2,16.4,0.0,60.0,0.0,0.0,0.0,0.0,0.0,0.0,1.0,2.0,0.0,2.0,0.0,0.0,0.0,0.01,0.0,0.0,1.0,0.0,0.0,0.0,0.0,0.2,0.0,0.03,0.04,0.0,0.69,0.33,0.0,2.03,4.33,15.6,0.33,35.33,0.0,0.0,0.0,0.0,0.0,0.0,0.33,2.0,0.0,1.33,0.0,0.33,0.0,0.06,0.0,0.0,1.0,0.0,0.0,0.03,0.03,0.27,0.0,0.02,0.04,0.01,0.64,0.2,0.0,1.54,4.72,9.94,0.6,27.6,0.0,0.0,0.0,0.0,0.0,0.0,0.2,1.4,0.4,1.2,0.0,0.4,0.01,0.03,0.0,0.0,0.6,0.0,0.01,0.02,0.02,0.18,28.0,-0.06093189964157706
0,0,5,0,0.3,706,0.0,0.0,0.0,0.13,205,1,0,0.3,3.0,2024-01-12,7,12,0,0,0,0,21,0,2601,0,1,1,0.0,1,165,409,244,5.4,True,0,0,0,0.0,4,Burnley,Luton,1,1,22096,2023,634538,0.0,0,0,0,0.0,0.0,0.0,706,12094,Burnley,Mike Trésor,Mike Trésor,2,2,21,1.8,MID,0.0,0.0,0.0,0.0,1.11,1.0,0.0,0.0,0.2,0.1,0.0,16.0,0.0,0.0,0.0,0.0,0.0,0.0,0.0,2.0,3.0,1.0,0.0,0.0,0.0,0.0,0.0,0.0,0.0,0.0,0.0,0.0,0.0,0.7,0.0,0.03,0.03,0.0,0.97,0.67,0.0,2.0,4.4,15.6,0.0,39.67,0.0,0.0,0.0,0.0,0.0,0.0,0.33,2.0,1.0,1.33,0.0,0.0,0.0,0.06,0.0,0.0,1.0,0.0,0.0,0.02,0.02,0.4,0.0,0.02,0.02,0.0,0.86,0.4,0.0,1.32,3.48,9.54,0.2,26.8,0.0,0.0,0.0,0.0,0.0,0.0,0.2,1.8,0.8,1.2,0.0,0.2,0.0,0.03,0.0,0.0,0.6,0.0,0.0,0.02,0.02,0.32,270.0,0.25267993874425726
0,0,3,0,0.5,706,0.0,0.0,0.0,0.1,324,0,0,0.2,1.0,2024-04-13,4,5,0,0,0,0,33,0,2519,0,1,1,0.0,1,-42,35,77,5.3,True,0,0,0,0.0,1,Burnley,Brighton,1,1,22218,2023,653240,0.0,0,0,0,0.0,0.0188538115471601,0.0188538115471601,706,12094,Burnley,Mike Trésor,Mike Trésor,2,2,33,-0.3,MID,0.0,0.0,0.0,0.0,0.13,1.0,0.0,0.3,3.0,0.3,0.0,7.0,0.0,0.0,0.0,0.0,0.0,0.0,0.0,1.0,1.0,1.0,0.0,0.0,0.0,0.0,0.0,0.0,0.0,0.0,0.0,0.0,0.0,1.8,0.0,0.01,0.01,0.0,0.85,1.0,0.0,0.93,3.8,5.6,0.0,27.67,0.0,0.0,0.0,0.0,0.0,0.0,0.33,1.67,1.33,1.33,0.0,0.0,0.0,0.0,0.0,0.0,0.33,0.0,0.0,0.0,0.0,0.9,0.0,0.02,0.02,0.0,0.66,0.6,0.0,1.28,3.24,9.44,0.2,25.8,0.0,0.0,0.0,0.0,0.0,0.0,0.2,1.8,0.8,1.2,0.0,0.2,0.0,0.03,0.0,0.0,0.6,0.0,0.0,0.02,0.02,0.66,-82.0,-0.375
0,0,2,0,0.3,706,0.0,0.0,0.0,0.27,368,1,0,0.0,0.0,2024-05-11,9,18,0,0,0,0,37,0,2504,0,1,2,0.0,1,-53,17,70,5.2,False,0,0,0,0.0,7,Tottenham,Burnley,2,1,22262,2023,660653,0.0,0,0,0,0.0,0.0,0.0,706,12094,Burnley,Mike Trésor,Mike Trésor,2,4,37,-0.8,MID,0.0,0.0,0.0,0.0,0.1,0.0,0.0,0.2,1.0,0.5,0.0,4.0,0.0,0.0,0.0,0.0,0.0,0.0,0.0,1.0,1.0,1.0,0.0,0.0,0.0,0.0,0.0,0.0,0.0,0.0,0.0,0.02,0.02,-0.3,0.0,0.0,0.0,0.0,0.45,0.67,0.0,0.17,1.4,0.3,0.0,9.0,0.0,0.0,0.0,0.0,0.0,0.0,0.0,1.33,1.67,1.0,0.0,0.0,0.0,0.0,0.0,0.0,0.0,0.0,0.0,0.01,0.01,0.73,0.0,0.02,0.02,0.0,0.63,0.6,0.0,1.3,3.44,9.52,0.0,26.0,0.0,0.0,0.0,0.0,0.0,0.0,0.2,1.6,1.0,1.2,0.0,0.0,0.0,0.03,0.0,0.0,0.6,0.0,0.0,0.02,0.02,0.54,-15.0,-0.6091954022988506
