,league_id,manager_id,gw,active_chip,automatic_subs,gw_points,total_points,picks,captain,vice_captain,bank
0,2123263,2496082,1,,"[(302, 4)]",73,73,"(597, 401, 398, 616, 302, 308, 349, 143, 314, 355, 132, 524, 4, 195, 218)",355,308,0
1,2123263,2496082,2,,[],57,122,"(597, 401, 616, 195, 302, 143, 19, 308, 108, 13, 355, 524, 398, 132, 218)",355,308,3
2,2123263,2496082,3,,"[(119, 302)]",39,157,"(597, 401, 195, 616, 19, 308, 108, 143, 119, 13, 355, 524, 398, 302, 365)",355,308,2
3,2123263,2496082,4,,[],73,230,"(524, 401, 616, 195, 143, 19, 308, 108, 119, 13, 355, 597, 365, 302, 395)",355,308,6
4,2123263,2496082,5,,[],39,269,"(597, 401, 616, 195, 143, 19, 308, 108, 119, 13, 355, 524, 365, 302, 395)",355,308,6
5,2123263,2496082,6,,"[(616, 401), (5, 302)]",49,318,"(291, 616, 5, 195, 365, 308, 108, 143, 13, 355, 119, 524, 401, 19, 302)",355,308,3
6,2123263,2496082,7,,"[(302, 405)]",37,355,"(524, 302, 195, 5, 19, 308, 108, 143, 13, 355, 119, 291, 616, 365, 405)",355,308,2
7,2123263,2496082,8,,"[(616, 405), (302, 195)]",42,397,"(524, 616, 302, 5, 19, 308, 108, 143, 13, 355, 119, 291, 405, 365, 195)",355,308,2
8,2123263,2496082,9,,"[(616, 405), (302, 195)]",70,467,"(524, 616, 302, 5, 19, 308, 108, 143, 13, 355, 119, 291, 405, 365, 195)",355,308,2
9,2123263,2496082,10,,"[(616, 405), (302, 195)]",95,562,"(524, 616, 302, 5, 19, 308, 108, 143, 13, 355, 119, 291, 405, 365, 195)",355,308,2
10,2123263,2496082,11,,[],40,602,"(291, 302, 220, 5, 19, 143, 308, 108, 365, 13, 355, 524, 119, 616, 427)",355,308,1
11,2123263,2496082,12,,"[(119, 302)]",74,676,"(291, 427, 220, 5, 365, 19, 308, 143, 119, 13, 355, 524, 302, 616, 108)",355,308,1
12,2123263,2496082,13,,"[(119, 302), (108, 143)]",46,722,"(291, 427, 220, 5, 365, 19, 308, 108, 119, 13, 355, 524, 302, 616, 143)",355,308,1
13,2123263,2496082,14,,"[(524, 291)]",43,765,"(524, 427, 302, 220, 5, 365, 19, 308, 143, 13, 355, 291, 119, 616, 108)",355,308,1
14,2123263,2496082,15,,"[(119, 13)]",31,796,"(524, 427, 302, 220, 5, 19, 308, 108, 143, 119, 355, 291, 13, 616, 365)",355,308,1
15,2123263,2496082,16,,"[(427, 108), (365, 355)]",38,834,"(352, 302, 220, 5, 427, 19, 308, 143, 365, 13, 119, 524, 108, 217, 355)",355,308,0
16,2123263,2496082,17,,"[(427, 108), (217, 355)]",37,871,"(352, 302, 220, 5, 427, 217, 19, 308, 143, 13, 119, 524, 108, 355, 365)",355,308,0
17,2123263,2496082,18,,"[(524, 352), (427, 108), (217, 355)]",42,913,"(524, 302, 220, 5, 427, 217, 19, 308, 143, 13, 119, 352, 108, 355, 365)",355,308,0
18,2123263,2496082,19,,"[(427, 302), (217, 108), (365, 143)]",23,936,"(352, 427, 220, 5, 217, 19, 308, 365, 13, 355, 119, 524, 302, 108, 143)",355,308,0
19,2123263,2496082,20,,"[(427, 108), (217, 143), (365, 355)]",64,1000,"(352, 302, 220, 5, 427, 217, 19, 308, 365, 13, 119, 524, 108, 143, 355)",355,308,0
20,2123263,2496082,21,,"[(427, 108)]",47,1047,"(524, 302, 220, 5, 217, 427, 365, 19, 13, 355, 119, 352, 108, 143, 308)",355,365,0
21,2123263,2496082,22,,"[(427, 108)]",47,1094,"(524, 302, 220, 5, 217, 427, 365, 19, 13, 355, 119, 352, 108, 143, 308)",355,365,0
22,2123263,2496082,23,,"[(427, 108)]",30,1124,"(524, 302, 220, 5, 217, 427, 365, 19, 13, 355, 119, 352, 108, 143, 308)",355,365,0
23,2123263,2496082,24,,"[(427, 302), (143, 108)]",69,1193,"(524, 427, 220, 5, 217, 365, 19, 143, 13, 355, 119, 352, 302, 108, 308)",355,365,0
24,2123263,2496082,25,,"[(427, 217), (143, 108)]",76,1269,"(524, 302, 220, 5, 427, 365, 19, 143, 13, 355, 119, 352, 217, 108, 308)",355,365,0
25,2123263,2496082,26,,"[(427, 302)]",39,1308,"(524, 427, 220, 5, 217, 365, 19, 108, 13, 355, 119, 352, 302, 143, 308)",355,365,0
26,2123263,2496082,27,,"[(427, 217)]",75,1383,"(524, 302, 220, 5, 427, 365, 19, 108, 13, 355, 119, 352, 217, 143, 308)",355,365,0
27,2123263,2496082,28,,"[(308, 217)]",19,1402,"(524, 427, 220, 5, 308, 365, 19, 700, 13, 355, 119, 352, 108, 302, 217)",355,365,0
28,2123263,2496082,29,,"[(108, 427)]",6,1408,"(524, 220, 5, 217, 108, 365, 19, 700, 13, 355, 119, 352, 427, 302, 308)",355,365,0
29,2123263,2496082,30,,"[(108, 217), (308, 700)]",30,1438,"(524, 427, 220, 5, 108, 365, 19, 308, 13, 355, 119, 352, 217, 302, 700)",355,365,0
30,2123263,2496082,31,,"[(220, 19), (108, 700), (242, 355)]",42,1480,"(524, 427, 302, 5, 220, 242, 365, 308, 108, 13, 119, 352, 19, 700, 355)",355,365,5
31,2123263,2496082,32,,"[(220, 302)]",59,1539,"(524, 427, 220, 5, 365, 19, 308, 700, 13, 355, 119, 352, 302, 108, 242)",355,365,5
32,2123263,2496082,33,,"[(352, 524), (220, 365)]",53,1592,"(352, 427, 302, 5, 220, 19, 308, 700, 13, 355, 119, 524, 365, 108, 242)",355,365,5
33,2123263,2496082,34,,"[(365, 13), (108, 355)]",71,1663,"(352, 427, 302, 220, 5, 242, 19, 308, 365, 108, 119, 289, 13, 355, 700)",355,242,7
34,2123263,2496082,35,,"[(365, 302), (108, 242)]",33,1696,"(352, 427, 220, 5, 365, 108, 19, 308, 13, 355, 119, 289, 302, 242, 700)",355,242,7
35,2123263,2496082,36,,"[(365, 427), (108, 302)]",94,1790,"(352, 220, 5, 242, 365, 108, 19, 308, 13, 355, 119, 289, 427, 302, 700)",355,242,7
36,2123263,2496082,37,3xc,"[(220, 302), (108, 13)]",130,1920,"(352, 616, 220, 5, 412, 19, 308, 700, 108, 355, 119, 289, 302, 13, 242)",355,700,3
37,2123263,2496082,38,bboost,"[(439, 302), (468, 412)]",42,1954,"(113, 616, 439, 5, 19, 308, 108, 700, 468, 355, 119, 289, 302, 412, 242)",355,700,11
38,2123267,4307475,1,,[],76,76,"(148, 407, 5, 131, 143, 308, 19, 372, 258, 415, 355, 263, 402, 103, 51)",355,19,0
39,2123267,4307475,2,,[],48,124,"(148, 103, 5, 131, 143, 308, 19, 372, 258, 415, 355, 263, 402, 407, 51)",355,19,0
40,2123267,4307475,3,,"[(263, 148), (415, 258)]",51,171,"(263, 131, 103, 203, 143, 108, 308, 19, 372, 355, 415, 148, 258, 407, 220)",19,355,5
41,2123267,4307475,4,,[],59,230,"(263, 103, 203, 131, 143, 308, 19, 372, 108, 415, 355, 148, 258, 407, 220)",19,355,5
42,2123267,4307475,5,,"[(407, 131), (258, 372), (220, 415)]",50,280,"(263, 407, 103, 203, 220, 143, 108, 308, 19, 258, 355, 148, 372, 131, 415)",19,355,5
43,2123267,4307475,6,,"[(407, 103), (220, 372)]",86,366,"(263, 131, 407, 203, 220, 143, 108, 308, 19, 355, 415, 148, 258, 103, 372)",19,355,5
44,2123267,4307475,7,,[],52,414,"(524, 407, 131, 220, 19, 308, 143, 412, 108, 437, 355, 263, 415, 103, 203)",412,355,2
45,2123267,4307475,8,,"[(197, 131)]",65,479,"(263, 197, 407, 220, 143, 108, 308, 19, 355, 437, 415, 524, 412, 131, 203)",415,355,1
46,2123267,4307475,9,,"[(197, 131), (412, 437)]",64,543,"(263, 197, 407, 220, 143, 108, 308, 19, 412, 355, 415, 524, 437, 131, 203)",415,355,1
47,2123267,4307475,10,,"[(197, 203)]",52,595,"(524, 407, 220, 197, 143, 308, 19, 412, 355, 523, 60, 263, 108, 203, 131)",308,60,0
48,2123267,4307475,11,,[],33,628,"(524, 407, 203, 220, 143, 412, 308, 19, 108, 60, 355, 263, 523, 197, 131)",355,308,0
49,2123267,4307475,12,,[],69,693,"(524, 36, 203, 220, 143, 19, 308, 557, 13, 60, 355, 263, 108, 197, 407)",308,355,1
50,2123267,4307475,13,,"[(341, 203)]",41,730,"(524, 36, 220, 341, 664, 108, 308, 19, 355, 13, 60, 263, 557, 203, 407)",308,355,0
51,2123267,4307475,14,,[],39,769,"(524, 36, 341, 220, 664, 19, 308, 108, 557, 13, 355, 263, 60, 203, 407)",308,355,0
52,2123267,4307475,15,,"[(263, 524), (60, 13)]",48,817,"(263, 36, 341, 220, 664, 108, 308, 19, 557, 355, 60, 524, 13, 203, 407)",308,355,0
53,2123267,4307475,16,wildcard,"[(409, 524), (664, 355)]",53,870,"(409, 584, 260, 197, 412, 308, 143, 557, 664, 415, 60, 524, 355, 506, 220)",355,308,3
54,2123267,4307475,17,,"[(143, 355), (220, 415)]",50,920,"(409, 584, 506, 197, 220, 664, 412, 308, 557, 143, 60, 524, 355, 260, 415)",355,308,3
55,2123267,4307475,18,,"[(260, 584)]",29,949,"(409, 260, 506, 197, 664, 412, 308, 143, 557, 415, 60, 524, 355, 584, 220)",60,308,3
56,2123267,4307475,19,,"[(260, 584), (220, 143)]",46,995,"(409, 260, 506, 197, 220, 664, 412, 308, 557, 415, 60, 524, 355, 584, 143)",308,60,3
57,2123267,4307475,20,,"[(197, 216)]",69,1064,"(524, 584, 506, 220, 197, 664, 412, 308, 557, 343, 60, 409, 216, 260, 355)",343,308,4
58,2123267,4307475,21,,"[(197, 584), (260, 308)]",49,1113,"(524, 197, 506, 220, 260, 664, 412, 216, 557, 343, 60, 409, 584, 308, 355)",343,308,4
59,2123267,4307475,22,,"[(260, 584), (355, 308)]",58,1171,"(524, 260, 506, 220, 664, 412, 216, 557, 355, 343, 60, 409, 197, 584, 308)",343,308,4
60,2123267,4307475,23,,"[(260, 584), (355, 308)]",41,1212,"(524, 260, 506, 220, 664, 412, 216, 557, 355, 343, 60, 409, 197, 584, 308)",343,308,4
61,2123267,4307475,24,,"[(355, 538)]",54,1230,"(524, 369, 506, 290, 509, 353, 294, 362, 12, 355, 60, 284, 473, 157, 538)",538,294,1
62,2123267,4307475,25,,[],77,1283,"(263, 313, 430, 342, 303, 294, 353, 12, 326, 117, 355, 284, 362, 157, 473)",355,294,2
63,2123267,4307475,26,,[],75,1310,"(49, 29, 131, 342, 557, 382, 353, 19, 526, 60, 355, 409, 427, 326, 321)",355,382,5
64,2123267,4307475,27,,"[(427, 557)]",82,1392,"(49, 342, 131, 29, 427, 353, 382, 526, 19, 355, 60, 409, 557, 326, 321)",355,382,5
65,2123267,4307475,28,,[],65,1445,"(597, 29, 313, 321, 308, 382, 19, 526, 326, 60, 85, 409, 353, 407, 342)",85,326,0
66,2123267,4307475,29,,[],9,1454,"(597, 313, 29, 321, 308, 382, 526, 19, 85, 326, 60, 409, 353, 407, 342)",85,326,0
67,2123267,4307475,30,,[],50,1504,"(597, 29, 313, 321, 308, 382, 19, 526, 326, 60, 85, 409, 353, 407, 342)",85,326,0
68,2123267,4307475,31,,"[(353, 19), (407, 60)]",59,1563,"(597, 313, 29, 321, 407, 308, 382, 526, 353, 85, 326, 409, 19, 60, 342)",85,326,0
69,2123267,4307475,32,,[],56,1619,"(597, 29, 313, 321, 308, 382, 19, 526, 326, 60, 85, 409, 353, 407, 342)",85,326,0
70,2123267,4307475,33,,"[(407, 526)]",46,1665,"(597, 313, 29, 321, 407, 308, 382, 19, 85, 326, 60, 409, 353, 526, 342)",85,326,0
71,2123267,4307475,34,,"[(353, 526)]",88,1753,"(597, 313, 29, 321, 308, 382, 353, 19, 85, 326, 60, 409, 526, 407, 342)",85,326,0
72,2123267,4307475,35,,[],48,1801,"(597, 29, 313, 321, 308, 382, 19, 526, 326, 60, 85, 409, 353, 407, 342)",85,326,0
73,2123267,4307475,36,,[],46,1847,"(597, 29, 313, 321, 308, 382, 19, 526, 326, 60, 85, 409, 353, 407, 342)",85,326,0
74,2123267,4307475,37,,[],44,1891,"(597, 29, 313, 321, 308, 382, 19, 526, 326, 60, 85, 409, 353, 407, 342)",85,326,0
75,2123267,4307475,38,,"[(407, 19)]",49,1940,"(597, 342, 313, 29, 407, 308, 353, 382, 85, 326, 60, 409, 526, 19, 321)",85,326,0
76,2123267,361997,1,,[],62,62,"(263, 36, 131, 473, 373, 308, 19, 226, 353, 60, 355, 28, 538, 316, 160)",19,308,0
77,2123267,361997,2,,[],45,107,"(28, 36, 131, 473, 373, 308, 19, 226, 599, 60, 355, 263, 538, 316, 160)",308,355,10
78,2123267,361997,3,wildcard,[],60,167,"(352, 519, 131, 195, 108, 308, 19, 140, 599, 415, 355, 28, 33, 160, 602)",355,308,2
79,2123267,361997,4,,[],77,244,"(352, 519, 131, 195, 601, 308, 19, 140, 599, 415, 355, 28, 33, 160, 602)",355,308,14
80,2123267,361997,5,,"[(160, 131), (33, 140), (602, 415)]",45,289,"(352, 519, 195, 160, 602, 308, 19, 599, 601, 33, 355, 28, 140, 131, 415)",355,308,14
81,2123267,361997,6,,"[(601, 140)]",54,343,"(352, 519, 195, 131, 308, 19, 601, 599, 355, 343, 594, 28, 140, 160, 602)",355,308,12
82,2123267,361997,7,,[],36,379,"(352, 519, 131, 160, 308, 19, 140, 599, 343, 594, 355, 28, 602, 601, 195)",355,308,12
83,2123267,361997,8,,[],38,417,"(352, 519, 36, 160, 308, 19, 504, 599, 343, 594, 355, 28, 602, 601, 131)",355,308,2
84,2123267,361997,9,,"[(28, 352)]",66,417,"(28, 519, 36, 602, 308, 19, 504, 599, 567, 355, 343, 352, 33, 160, 131)",355,308,8
85,2123267,361997,10,,[],84,417,"(352, 519, 36, 602, 308, 19, 504, 599, 567, 343, 355, 28, 33, 160, 131)",355,308,8
86,2123267,361997,11,,"[(33, 567)]",26,417,"(352, 519, 36, 602, 308, 19, 504, 599, 33, 355, 343, 28, 567, 160, 131)",355,308,8
87,2123267,361997,12,,"[(160, 519), (33, 504)]",71,417,"(352, 160, 36, 602, 308, 19, 599, 567, 33, 355, 343, 28, 504, 519, 131)",355,308,8
88,2123267,361997,13,,"[(160, 602), (33, 504)]",35,417,"(352, 519, 36, 160, 308, 19, 599, 567, 33, 355, 343, 28, 504, 602, 131)",355,308,8
89,2123267,361997,14,,"[(33, 504), (160, 567)]",51,417,"(352, 519, 36, 602, 160, 308, 19, 599, 33, 355, 343, 28, 504, 567, 131)",355,308,8
90,2123267,361997,15,,"[(33, 504)]",22,417,"(352, 519, 36, 602, 308, 19, 599, 567, 33, 355, 343, 28, 504, 160, 131)",355,308,8
91,2123267,361997,16,,"[(160, 602), (33, 504)]",50,417,"(352, 519, 36, 160, 308, 19, 599, 567, 33, 355, 343, 28, 504, 602, 131)",355,308,8
92,2123267,361997,17,,"[(160, 602), (33, 504)]",23,417,"(352, 519, 36, 160, 308, 19, 599, 567, 33, 355, 343, 28, 504, 602, 131)",355,308,8
93,2123267,361997,18,,"[(28, 352), (160, 519), (33, 504)]",35,417,"(28, 160, 36, 602, 308, 19, 599, 567, 33, 355, 343, 352, 504, 519, 131)",355,308,8
94,2123267,361997,19,,"[(160, 36), (131, 602), (33, 504)]",31,417,"(352, 519, 160, 131, 308, 19, 599, 567, 33, 355, 343, 28, 504, 36, 602)",355,308,8
95,2123267,361997,20,,"[(160, 36), (33, 504), (131, 355)]",70,417,"(352, 519, 160, 602, 131, 308, 19, 599, 567, 33, 343, 28, 504, 36, 355)",355,308,8
96,2123267,361997,21,,"[(131, 602), (33, 308)]",23,417,"(352, 519, 36, 131, 19, 504, 599, 567, 33, 355, 343, 28, 308, 160, 602)",355,308,8
97,2123267,361997,22,,"[(131, 602), (33, 308)]",60,417,"(352, 519, 36, 131, 19, 504, 599, 567, 33, 355, 343, 28, 308, 160, 602)",355,308,8
98,2123267,361997,23,,"[(131, 602), (33, 308)]",40,417,"(352, 519, 36, 131, 19, 504, 599, 567, 33, 355, 343, 28, 308, 160, 602)",355,308,8
99,2123267,361997,24,,"[(131, 602), (33, 308)]",62,417,"(352, 519, 36, 131, 19, 504, 599, 567, 33, 355, 343, 28, 308, 160, 602)",355,308,8
100,2123267,361997,25,,"[(131, 519)]",75,417,"(352, 131, 36, 602, 308, 19, 504, 599, 567, 355, 343, 28, 33, 160, 519)",355,308,8
101,2123267,361997,26,,"[(131, 519)]",36,417,"(352, 131, 36, 602, 308, 19, 504, 599, 567, 355, 343, 28, 33, 160, 519)",355,308,8
102,2123267,361997,27,,"[(131, 308)]",39,417,"(352, 519, 36, 602, 131, 19, 504, 599, 567, 355, 343, 28, 33, 160, 308)",355,308,8
103,2123267,361997,28,,[],30,417,"(352, 519, 36, 602, 308, 19, 504, 599, 567, 343, 355, 28, 33, 160, 131)",355,308,8
104,2123267,361997,29,,[],9,417,"(352, 519, 36, 602, 308, 19, 504, 599, 567, 343, 355, 28, 33, 160, 131)",355,308,8
105,2123267,361997,30,,"[(131, 36)]",32,417,"(352, 519, 131, 602, 308, 19, 504, 599, 567, 355, 343, 28, 33, 160, 36)",355,308,8
106,2123267,361997,31,,"[(28, 352)]",10,417,"(28, 519, 36, 602, 308, 19, 504, 599, 567, 355, 343, 352, 33, 160, 131)",355,308,8
107,2123267,361997,32,,"[(131, 36), (33, 567)]",48,417,"(352, 519, 131, 602, 308, 19, 504, 599, 33, 355, 343, 28, 567, 160, 36)",355,308,8
108,2123267,361997,33,,"[(131, 36), (33, 567)]",37,417,"(352, 519, 131, 602, 308, 19, 504, 599, 33, 355, 343, 28, 567, 160, 36)",355,308,8
109,2123267,361997,34,,"[(33, 504)]",42,417,"(352, 519, 36, 602, 308, 19, 599, 567, 33, 355, 343, 28, 504, 160, 131)",355,308,8
110,2123267,361997,35,,"[(33, 567)]",36,417,"(352, 519, 36, 602, 308, 19, 504, 599, 33, 355, 343, 28, 567, 160, 131)",355,308,8
111,2123267,361997,36,,"[(33, 567)]",79,417,"(352, 519, 36, 602, 308, 19, 504, 599, 33, 355, 343, 28, 567, 160, 131)",355,308,8
112,2123267,361997,37,,"[(33, 567)]",66,417,"(352, 519, 36, 602, 308, 19, 504, 599, 33, 355, 343, 28, 567, 160, 131)",355,308,8
113,2123267,361997,38,,"[(33, 19)]",21,417,"(352, 519, 36, 602, 308, 504, 599, 567, 33, 355, 343, 28, 19, 160, 131)",355,308,8
114,2123267,2473399,1,,[],69,69,"(352, 398, 131, 20, 19, 226, 396, 6, 143, 135, 355, 28, 297, 265, 195)",396,19,0
115,2123267,2473399,2,,[],48,117,"(28, 195, 131, 20, 19, 599, 396, 143, 135, 297, 355, 352, 6, 398, 265)",355,19,0
116,2123267,2473399,3,wildcard,[],59,176,"(352, 195, 131, 20, 19, 108, 353, 143, 216, 211, 355, 28, 119, 395, 511)",355,216,17
117,2123267,2473399,4,,[],76,252,"(352, 195, 131, 511, 19, 108, 353, 216, 119, 523, 355, 28, 143, 395, 20)",355,216,27
118,2123267,2473399,5,,[],40,288,"(352, 195, 20, 511, 19, 108, 353, 216, 504, 437, 355, 28, 131, 119, 395)",355,504,8
119,2123267,2473399,6,,[],61,349,"(352, 511, 20, 131, 19, 108, 353, 216, 504, 225, 355, 28, 119, 195, 395)",355,19,18
120,2123267,2473399,7,freehit,[],54,403,"(424, 544, 350, 265, 430, 19, 526, 353, 664, 308, 355, 28, 245, 82, 33)",355,526,18
121,2123267,2473399,8,,"[(20, 395), (119, 19)]",48,447,"(28, 20, 688, 511, 108, 353, 516, 504, 119, 225, 355, 352, 19, 395, 131)",516,355,4
122,2123267,2473399,9,,[],86,533,"(28, 511, 439, 395, 108, 353, 516, 504, 119, 225, 355, 352, 19, 20, 688)",516,355,9
123,2123267,2473399,10,,[],82,611,"(352, 511, 20, 688, 108, 43, 516, 504, 19, 60, 355, 28, 119, 439, 395)",60,19,2
124,2123267,2473399,11,,"[(688, 616)]",18,629,"(352, 688, 511, 20, 108, 43, 516, 504, 19, 60, 355, 28, 119, 439, 616)",355,19,2
125,2123267,2473399,12,,"[(439, 511), (119, 504)]",62,691,"(352, 616, 439, 20, 108, 43, 516, 19, 119, 60, 355, 28, 504, 511, 688)",355,19,2
126,2123267,2473399,13,,[],44,735,"(352, 688, 20, 616, 108, 43, 516, 362, 19, 60, 355, 28, 439, 119, 511)",516,19,28
127,2123267,2473399,14,,"[(352, 28)]",58,789,"(352, 178, 112, 20, 108, 308, 362, 19, 60, 119, 355, 28, 43, 439, 688)",308,355,2
128,2123267,2473399,15,,"[(352, 28), (119, 311)]",35,820,"(352, 178, 419, 20, 108, 308, 362, 19, 119, 60, 355, 28, 311, 112, 43)",308,355,2
129,2123267,2473399,16,,"[(178, 355)]",43,859,"(352, 341, 311, 112, 20, 178, 412, 308, 362, 19, 60, 28, 355, 43, 119)",355,308,2
130,2123267,2473399,17,,"[(119, 341)]",55,914,"(352, 311, 112, 20, 412, 308, 362, 19, 119, 60, 355, 28, 178, 43, 341)",355,308,2
131,2123267,2473399,18,,[],43,957,"(28, 48, 20, 311, 178, 689, 308, 362, 19, 43, 60, 352, 112, 355, 119)",60,308,0
132,2123267,2473399,19,,[],27,980,"(352, 48, 20, 407, 112, 689, 308, 19, 43, 85, 60, 28, 178, 119, 362)",85,308,73
133,2123267,2473399,20,,"[(85, 689)]",92,1068,"(352, 48, 112, 20, 43, 308, 362, 353, 85, 60, 343, 28, 689, 407, 178)",353,343,71
134,2123267,2473399,21,,"[(112, 178)]",47,1115,"(352, 112, 48, 20, 43, 19, 362, 353, 60, 343, 85, 28, 178, 407, 689)",362,343,111
135,2123267,2473399,22,,[],67,1178,"(520, 48, 20, 407, 349, 353, 19, 362, 85, 343, 60, 28, 43, 178, 112)",349,343,74
136,2123267,2473399,23,,[],78,1256,"(520, 217, 20, 407, 349, 353, 19, 362, 85, 343, 60, 28, 43, 178, 112)",349,343,69
137,2123267,2473399,24,,[],58,1306,"(520, 217, 290, 407, 349, 353, 19, 362, 294, 590, 343, 28, 60, 178, 20)",294,353,14
138,2123267,2473399,25,,[],62,1364,"(520, 20, 313, 407, 349, 353, 19, 362, 294, 293, 343, 28, 60, 178, 217)",349,353,17
139,2123267,2473399,26,wildcard,[],70,1434,"(597, 20, 5, 545, 122, 134, 353, 19, 567, 60, 355, 77, 129, 83, 85)",355,60,19
140,2123267,2473399,27,,[],71,1505,"(77, 20, 5, 83, 122, 134, 353, 19, 567, 60, 355, 597, 545, 129, 85)",355,60,19
141,2123267,2473399,28,,[],51,1556,"(77, 20, 5, 321, 129, 134, 353, 19, 85, 60, 355, 597, 545, 567, 122)",85,19,17
142,2123267,2473399,29,,[],10,1562,"(77, 20, 5, 321, 129, 134, 516, 19, 526, 60, 117, 597, 545, 353, 85)",516,117,5
143,2123267,2473399,30,,[],73,1631,"(77, 20, 511, 129, 353, 362, 516, 526, 85, 60, 117, 597, 19, 545, 321)",516,362,13
144,2123267,2473399,31,,"[(545, 19)]",59,1682,"(301, 129, 511, 20, 545, 362, 516, 526, 308, 85, 117, 77, 19, 538, 321)",308,19,14
145,2123267,2473399,32,,"[(129, 353)]",43,1725,"(77, 545, 511, 20, 129, 362, 516, 526, 308, 85, 117, 301, 353, 538, 321)",362,353,21
146,2123267,2473399,33,,"[(77, 301), (129, 545), (321, 353)]",46,1767,"(77, 129, 350, 20, 321, 362, 516, 19, 308, 85, 117, 301, 545, 538, 353)",308,117,6
147,2123267,2473399,34,,"[(321, 350)]",124,1883,"(77, 545, 321, 20, 226, 14, 353, 19, 308, 85, 232, 301, 350, 538, 129)",19,308,48
148,2123267,2473399,35,,"[(321, 350), (129, 353)]",48,1927,"(77, 545, 321, 20, 129, 516, 14, 19, 362, 85, 232, 301, 350, 538, 353)",362,516,82
149,2123267,2473399,36,,"[(321, 350)]",96,2015,"(77, 129, 321, 20, 412, 14, 353, 19, 362, 415, 355, 301, 350, 538, 545)",355,412,15
150,2123267,2473399,37,3xc,[],117,2128,"(687, 20, 350, 129, 362, 412, 14, 516, 353, 415, 355, 301, 321, 538, 545)",355,362,4
151,2123267,2473399,38,bboost,[],85,2205,"(687, 20, 350, 5, 362, 236, 14, 516, 353, 415, 355, 301, 321, 326, 545)",362,355,1
152,2123267,1519812,1,,[],61,61,"(17, 398, 5, 206, 131, 6, 308, 396, 211, 135, 355, 524, 196, 106, 473)",355,308,5
153,2123267,1519812,2,,"[(398, 206)]",39,100,"(17, 5, 398, 131, 196, 599, 308, 396, 135, 355, 211, 524, 206, 106, 473)",355,308,15
154,2123267,1519812,3,wildcard,[],59,159,"(352, 20, 195, 131, 19, 216, 108, 353, 143, 211, 355, 524, 119, 511, 220)",355,353,22
155,2123267,1519812,4,,[],78,237,"(352, 511, 195, 220, 19, 216, 353, 143, 108, 523, 355, 524, 119, 131, 20)",355,353,31
156,2123267,1519812,5,,[],37,274,"(352, 511, 195, 220, 20, 19, 216, 353, 143, 108, 355, 524, 131, 119, 523)",355,353,31
157,2123267,1519812,6,,"[(524, 17)]",61,335,"(524, 511, 20, 131, 143, 216, 19, 353, 108, 355, 343, 17, 119, 220, 195)",355,353,29
158,2123267,1519812,7,,"[(20, 405)]",58,389,"(524, 220, 20, 131, 143, 516, 19, 353, 108, 355, 343, 17, 119, 405, 511)",355,353,17
159,2123267,1519812,8,freehit,"[(143, 19)]",41,430,"(275, 511, 220, 36, 516, 143, 353, 504, 60, 355, 326, 524, 19, 611, 584)",355,353,17
160,2123267,1519812,9,,[],74,504,"(524, 20, 584, 511, 19, 516, 353, 143, 108, 343, 355, 17, 119, 220, 405)",355,353,22
161,2123267,1519812,10,,[],73,573,"(524, 20, 584, 511, 19, 516, 412, 108, 60, 343, 355, 17, 353, 220, 405)",19,60,7
162,2123267,1519812,11,,[],24,597,"(524, 511, 584, 220, 19, 516, 353, 108, 60, 343, 355, 17, 412, 20, 405)",355,60,7
163,2123267,1519812,12,,"[(20, 511)]",68,665,"(524, 20, 220, 584, 516, 19, 353, 108, 60, 355, 343, 230, 412, 511, 96)",355,60,9
164,2123267,1519812,13,,"[(20, 511)]",65,730,"(524, 20, 220, 584, 412, 516, 19, 353, 60, 355, 343, 230, 108, 511, 96)",19,60,9
165,2123267,1519812,14,,[],64,794,"(524, 20, 584, 419, 19, 516, 362, 108, 60, 343, 355, 230, 412, 511, 220)",19,60,35
166,2123267,1519812,15,,[],26,820,"(230, 20, 220, 419, 19, 516, 108, 412, 60, 343, 355, 524, 362, 511, 584)",355,19,35
167,2123267,1519812,16,,"[(230, 524), (412, 355)]",34,854,"(230, 511, 20, 419, 516, 19, 362, 382, 412, 60, 415, 524, 355, 220, 584)",355,19,48
168,2123267,1519812,17,,"[(412, 355), (419, 415)]",67,921,"(524, 511, 20, 584, 419, 516, 19, 362, 344, 412, 60, 230, 355, 415, 220)",60,516,31
169,2123267,1519812,18,,"[(220, 584), (412, 344), (20, 355)]",24,945,"(597, 511, 419, 220, 20, 516, 19, 362, 412, 60, 415, 524, 344, 584, 355)",60,516,29
170,2123267,1519812,19,,"[(220, 511)]",38,979,"(597, 220, 20, 83, 412, 516, 19, 362, 344, 60, 8, 524, 355, 511, 584)",516,8,22
171,2123267,1519812,20,,"[(412, 355)]",76,1051,"(524, 203, 20, 584, 516, 19, 362, 344, 412, 60, 343, 597, 355, 220, 83)",343,344,39
172,2123267,1519812,21,,"[(412, 355)]",63,1110,"(524, 203, 20, 131, 509, 19, 362, 344, 412, 60, 343, 597, 584, 355, 220)",343,344,59
173,2123267,1519812,22,,[],60,1170,"(524, 220, 131, 20, 19, 509, 349, 362, 355, 343, 60, 597, 412, 584, 203)",349,343,17
174,2123267,1519812,23,,[],68,1238,"(597, 220, 131, 203, 19, 412, 349, 362, 355, 343, 60, 524, 509, 584, 20)",355,343,17
175,2123267,1519812,24,,[],82,1320,"(597, 203, 131, 20, 19, 294, 349, 509, 362, 60, 355, 524, 343, 584, 150)",294,355,0
176,2123267,1519812,25,,[],69,1389,"(524, 757, 131, 20, 19, 294, 349, 509, 343, 60, 355, 597, 362, 584, 150)",349,355,0
177,2123267,1519812,26,,"[(584, 757)]",44,1429,"(597, 584, 20, 131, 26, 134, 19, 349, 60, 355, 343, 524, 362, 757, 150)",355,60,22
178,2123267,1519812,27,,[],76,1505,"(524, 757, 150, 20, 19, 362, 349, 134, 326, 60, 355, 597, 26, 584, 131)",355,60,37
179,2123267,1519812,28,,"[(584, 83)]",51,1556,"(524, 150, 20, 584, 134, 19, 362, 349, 60, 355, 326, 597, 26, 83, 757)",326,60,41
180,2123267,1519812,29,,[],12,1564,"(524, 83, 150, 20, 584, 19, 349, 516, 326, 117, 355, 597, 134, 362, 757)",516,117,10
181,2123267,1519812,30,,[],67,1631,"(597, 757, 150, 584, 19, 362, 349, 516, 279, 117, 355, 524, 134, 20, 83)",516,117,15
182,2123267,1519812,31,,"[(134, 19)]",46,1677,"(597, 757, 150, 20, 516, 134, 362, 349, 117, 355, 279, 524, 19, 584, 83)",355,117,15
183,2123267,1519812,32,,"[(19, 353)]",64,1741,"(597, 757, 20, 584, 516, 19, 362, 349, 415, 355, 279, 524, 353, 150, 83)",362,415,0
184,2123267,1519812,33,,[],63,1804,"(597, 757, 150, 20, 362, 349, 516, 303, 19, 415, 355, 524, 279, 584, 83)",349,355,5
185,2123267,1519812,34,,"[(415, 362), (150, 355)]",71,1871,"(597, 20, 83, 584, 150, 226, 303, 19, 349, 415, 85, 524, 362, 355, 757)",303,19,17
186,2123267,1519812,35,,"[(85, 226)]",82,1953,"(597, 20, 83, 584, 353, 19, 362, 349, 85, 415, 355, 524, 226, 150, 757)",353,19,12
187,2123267,1519812,36,wildcard,[],88,2041,"(409, 245, 198, 20, 362, 349, 412, 353, 19, 415, 355, 597, 211, 584, 83)",19,353,0
188,2123267,1519812,37,3xc,[],122,2163,"(409, 245, 198, 83, 362, 349, 412, 353, 211, 415, 355, 597, 19, 584, 20)",355,353,0
189,2123267,1519812,38,bboost,"[(597, 409), (245, 584), (616, 412)]",60,2223,"(597, 198, 20, 245, 616, 353, 362, 6, 415, 355, 211, 409, 19, 584, 412)",355,353,22
190,2123267,538503,1,,[],76,76,"(352, 398, 5, 131, 19, 108, 396, 308, 135, 355, 119, 28, 403, 36, 473)",396,19,0
191,2123267,538503,2,,[],68,144,"(352, 36, 5, 131, 19, 108, 396, 308, 135, 355, 119, 28, 398, 473, 403)",308,355,0
192,2123267,538503,3,,[],56,196,"(352, 195, 401, 131, 19, 108, 396, 216, 135, 355, 119, 28, 36, 473, 403)",355,216,56
193,2123267,538503,4,,[],78,270,"(352, 195, 203, 131, 19, 108, 396, 216, 526, 355, 119, 28, 135, 36, 401)",355,216,29
194,2123267,538503,5,,[],32,302,"(28, 195, 36, 401, 203, 19, 108, 396, 216, 516, 355, 352, 119, 131, 135)",516,355,9
195,2123267,538503,6,wildcard,"[(567, 26)]",56,358,"(113, 405, 131, 203, 108, 308, 567, 396, 355, 343, 617, 524, 26, 36, 519)",355,308,3
196,2123267,538503,7,,"[(519, 405)]",41,395,"(113, 519, 131, 36, 108, 308, 526, 396, 355, 326, 617, 524, 567, 405, 203)",355,308,12
197,2123267,538503,8,,[],65,456,"(113, 528, 36, 519, 526, 516, 567, 308, 108, 617, 355, 524, 326, 405, 203)",308,355,12
198,2123267,538503,9,,"[(528, 405)]",88,544,"(113, 519, 528, 36, 108, 308, 567, 526, 516, 355, 60, 524, 326, 405, 203)",355,308,1
199,2123267,538503,10,,"[(567, 168)]",83,623,"(113, 311, 528, 36, 108, 308, 526, 516, 567, 355, 60, 524, 168, 519, 203)",308,60,7
200,2123267,538503,11,,[],29,652,"(113, 528, 36, 311, 108, 526, 516, 308, 557, 60, 355, 524, 168, 203, 519)",355,308,8
201,2123267,538503,12,,[],72,720,"(113, 528, 36, 419, 526, 516, 308, 557, 13, 60, 355, 524, 108, 311, 519)",355,308,3
202,2123267,538503,13,,"[(108, 526)]",48,768,"(524, 519, 528, 419, 308, 557, 108, 516, 355, 13, 60, 113, 526, 36, 311)",526,355,3
203,2123267,538503,14,,[],59,827,"(113, 528, 36, 311, 526, 19, 308, 108, 119, 60, 355, 524, 419, 519, 557)",355,308,8
204,2123267,538503,15,,"[(519, 311)]",48,875,"(113, 519, 419, 551, 108, 308, 557, 526, 19, 355, 60, 524, 119, 311, 528)",308,355,10
205,2123267,538503,16,,"[(60, 355)]",44,919,"(113, 311, 528, 551, 353, 308, 557, 526, 19, 60, 119, 524, 355, 519, 419)",355,308,3
206,2123267,538503,17,,"[(311, 355)]",74,993,"(113, 519, 528, 419, 311, 353, 308, 362, 526, 19, 60, 524, 355, 119, 551)",308,19,4
207,2123267,538503,18,,[],40,1033,"(113, 419, 528, 311, 551, 19, 308, 526, 362, 590, 60, 524, 519, 353, 355)",60,308,5
208,2123267,538503,19,,"[(526, 551), (528, 355)]",47,1076,"(113, 519, 298, 407, 528, 526, 353, 308, 19, 590, 60, 524, 551, 355, 362)",308,355,3
209,2123267,538503,20,,"[(551, 528)]",105,1181,"(113, 519, 298, 551, 353, 308, 362, 526, 19, 343, 60, 524, 590, 528, 407)",308,353,73
210,2123267,538503,21,,[],62,1243,"(113, 298, 551, 528, 362, 294, 353, 19, 590, 343, 60, 524, 526, 407, 519)",19,294,123
211,2123267,538503,22,,[],74,1317,"(524, 298, 519, 551, 526, 294, 353, 349, 590, 343, 60, 113, 362, 407, 528)",349,343,106
212,2123267,538503,23,,[],55,1368,"(113, 551, 519, 407, 412, 349, 362, 294, 355, 343, 60, 524, 526, 528, 298)",349,355,37
213,2123267,538503,24,,"[(407, 298)]",62,1426,"(113, 519, 407, 551, 509, 294, 362, 349, 590, 355, 60, 524, 526, 298, 528)",355,349,36
214,2123267,538503,25,,[],63,1481,"(113, 407, 757, 528, 509, 349, 294, 353, 293, 355, 60, 524, 362, 551, 519)",355,349,15
215,2123267,538503,26,wildcard,[],69,1550,"(524, 5, 551, 387, 567, 19, 134, 353, 85, 355, 60, 409, 83, 245, 362)",355,19,73
216,2123267,538503,27,,[],70,1620,"(409, 5, 83, 245, 362, 19, 134, 353, 85, 355, 60, 524, 567, 551, 387)",355,19,73
217,2123267,538503,28,,[],54,1670,"(524, 5, 595, 321, 362, 19, 134, 567, 326, 85, 60, 409, 353, 551, 245)",85,19,159
218,2123267,538503,29,freehit,[],20,1690,"(524, 114, 506, 321, 689, 516, 504, 526, 60, 326, 117, 808, 447, 508, 48)",516,526,159
219,2123267,538503,30,,[],53,1731,"(409, 245, 203, 313, 362, 19, 308, 353, 279, 85, 60, 524, 134, 5, 551)",308,279,74
220,2123267,538503,31,,"[(203, 551), (134, 19), (245, 355)]",61,1792,"(409, 313, 5, 203, 245, 308, 362, 353, 134, 85, 279, 524, 19, 551, 355)",308,355,16
221,2123267,538503,32,,"[(313, 203)]",70,1858,"(409, 245, 313, 5, 308, 362, 516, 19, 85, 279, 355, 524, 447, 551, 203)",355,362,2
222,2123267,538503,33,,[],65,1923,"(409, 313, 5, 203, 362, 19, 308, 447, 516, 355, 279, 524, 85, 551, 245)",19,308,2
223,2123267,538503,34,3xc,[],97,2016,"(409, 313, 5, 245, 447, 19, 308, 226, 85, 355, 617, 524, 551, 362, 203)",19,226,16
224,2123267,538503,35,,"[(313, 203), (447, 226)]",60,2068,"(409, 245, 313, 5, 516, 362, 447, 373, 85, 617, 415, 524, 203, 226, 551)",516,226,118
225,2123267,538503,36,,"[(516, 373)]",95,2155,"(409, 245, 5, 369, 447, 362, 353, 516, 355, 617, 415, 524, 373, 313, 203)",355,447,16
226,2123267,538503,37,bboost,[],129,2276,"(524, 369, 245, 506, 203, 412, 362, 516, 353, 355, 415, 597, 373, 617, 5)",516,355,8
227,2123267,538503,38,,[],63,2335,"(597, 5, 506, 203, 373, 362, 516, 353, 212, 355, 119, 524, 412, 369, 245)",212,355,31
228,2123267,2867465,1,,[],63,63,"(263, 20, 151, 51, 342, 143, 373, 308, 19, 297, 355, 28, 405, 282, 287)",19,355,5
229,2123267,2867465,2,,"[(405, 342)]",44,107,"(28, 20, 405, 151, 143, 282, 308, 19, 373, 297, 355, 263, 342, 51, 287)",308,355,5
230,2123267,2867465,3,,[],51,158,"(263, 20, 131, 342, 282, 143, 373, 308, 19, 211, 355, 28, 405, 151, 287)",355,308,3
231,2123267,2867465,4,wildcard,[],73,231,"(352, 203, 342, 511, 108, 526, 216, 308, 19, 523, 355, 28, 131, 490, 36)",523,355,0
232,2123267,2867465,5,,"[(526, 439), (523, 131)]",47,278,"(352, 203, 342, 511, 526, 108, 308, 19, 216, 523, 355, 28, 439, 490, 131)",355,308,1
233,2123267,2867465,6,,[],52,330,"(352, 203, 342, 511, 131, 508, 108, 216, 308, 19, 355, 28, 526, 490, 523)",355,308,2
234,2123267,2867465,7,freehit,[],64,394,"(424, 544, 265, 427, 430, 526, 308, 353, 523, 326, 355, 28, 249, 143, 157)",355,308,2
235,2123267,2867465,8,,[],62,452,"(28, 342, 511, 519, 526, 108, 501, 308, 19, 523, 355, 352, 508, 490, 203)",308,355,4
236,2123267,2867465,9,,[],70,522,"(28, 342, 511, 519, 526, 108, 501, 308, 19, 523, 355, 352, 508, 490, 203)",501,355,4
237,2123267,2867465,10,,"[(508, 519)]",63,585,"(28, 508, 342, 511, 526, 108, 308, 19, 412, 355, 523, 352, 519, 326, 203)",308,355,5
238,2123267,2867465,11,,"[(352, 28)]",34,619,"(352, 519, 342, 511, 526, 108, 308, 19, 412, 355, 523, 28, 508, 326, 203)",308,355,5
239,2123267,2867465,12,,"[(352, 28), (508, 519), (203, 342)]",76,695,"(352, 508, 203, 511, 526, 108, 308, 19, 412, 355, 523, 28, 519, 326, 342)",308,355,5
240,2123267,2867465,13,,"[(352, 28), (326, 526)]",55,750,"(352, 519, 342, 511, 108, 308, 19, 412, 326, 355, 523, 28, 508, 526, 203)",308,355,5
241,2123267,2867465,14,,"[(352, 28), (508, 511), (326, 523)]",47,797,"(352, 519, 342, 508, 526, 108, 308, 19, 412, 355, 326, 28, 511, 523, 203)",308,355,5
242,2123267,2867465,15,,"[(352, 28), (508, 342), (326, 523)]",43,840,"(352, 519, 508, 511, 526, 108, 308, 19, 412, 355, 326, 28, 342, 523, 203)",308,355,5
243,2123267,2867465,16,,"[(387, 355)]",57,893,"(352, 519, 342, 511, 387, 526, 599, 308, 19, 412, 590, 28, 355, 326, 203)",355,308,9
244,2123267,2867465,17,,"[(203, 355)]",42,935,"(352, 519, 342, 511, 203, 526, 34, 308, 19, 412, 590, 28, 326, 387, 355)",355,308,21
245,2123267,2867465,18,,[],35,966,"(28, 48, 511, 311, 526, 34, 412, 308, 19, 590, 326, 352, 355, 342, 203)",308,326,18
246,2123267,2867465,19,,"[(48, 511)]",38,1000,"(352, 313, 427, 48, 526, 34, 308, 19, 412, 326, 590, 28, 355, 511, 203)",308,326,1
247,2123267,2867465,20,,[],70,1070,"(352, 48, 611, 313, 203, 526, 34, 308, 19, 590, 326, 28, 355, 427, 412)",308,326,0
248,2123267,2867465,21,,[],57,1123,"(352, 48, 611, 313, 203, 362, 34, 412, 303, 590, 326, 28, 355, 427, 308)",303,326,34
249,2123267,2867465,22,wildcard,[],51,1174,"(352, 407, 20, 313, 265, 382, 349, 294, 599, 85, 326, 524, 355, 36, 362)",349,326,28
250,2123267,2867465,23,,[],50,1224,"(352, 407, 313, 36, 382, 349, 294, 599, 355, 85, 326, 524, 362, 265, 20)",349,326,28
251,2123267,2867465,24,,[],74,1298,"(352, 407, 313, 20, 382, 349, 294, 362, 355, 85, 326, 524, 303, 265, 36)",294,326,19
252,2123267,2867465,25,,[],82,1380,"(352, 321, 313, 20, 349, 294, 362, 303, 85, 355, 326, 524, 382, 265, 36)",349,294,17
253,2123267,2867465,26,,[],39,1419,"(352, 265, 36, 20, 349, 19, 664, 303, 382, 85, 355, 524, 326, 321, 313)",355,349,3
254,2123267,2867465,27,,[],54,1473,"(352, 313, 36, 20, 349, 19, 664, 303, 326, 85, 355, 524, 321, 382, 265)",355,349,3
255,2123267,2867465,28,,[],46,1519,"(524, 313, 89, 20, 321, 353, 19, 664, 326, 85, 355, 352, 303, 382, 265)",85,353,28
256,2123267,2867465,29,,[],13,1528,"(524, 313, 89, 20, 321, 516, 19, 664, 34, 326, 355, 352, 85, 382, 265)",516,34,27
257,2123267,2867465,30,,[],43,1571,"(524, 313, 265, 20, 382, 516, 19, 664, 34, 326, 355, 352, 85, 321, 89)",516,34,27
258,2123267,2867465,31,,"[(85, 19), (321, 355)]",36,1607,"(524, 313, 265, 20, 321, 664, 516, 382, 34, 85, 326, 352, 19, 355, 89)",516,34,27
259,2123267,2867465,32,,"[(49, 524)]",65,1672,"(49, 313, 265, 20, 664, 19, 516, 382, 34, 326, 355, 524, 85, 321, 89)",516,34,29
260,2123267,2867465,33,,"[(49, 524)]",38,1710,"(49, 313, 265, 20, 664, 19, 516, 382, 34, 326, 355, 524, 85, 321, 89)",516,34,29
261,2123267,2867465,34,,"[(49, 524), (85, 516), (321, 355)]",83,1793,"(49, 313, 265, 20, 321, 664, 19, 382, 34, 85, 326, 524, 516, 355, 89)",516,34,29
262,2123267,2867465,35,,[],49,1842,"(49, 313, 265, 20, 506, 382, 516, 19, 34, 776, 355, 524, 85, 664, 89)",516,34,2
263,2123267,2867465,36,,"[(524, 49), (85, 776)]",63,1905,"(524, 506, 313, 265, 20, 19, 516, 382, 34, 85, 355, 49, 776, 664, 89)",516,34,2
264,2123267,2867465,37,,"[(85, 776)]",77,1982,"(49, 506, 313, 265, 20, 19, 516, 382, 34, 85, 355, 524, 776, 664, 89)",355,34,2
265,2123267,2867465,38,3xc,"[(524, 49), (85, 19), (664, 34), (89, 776)]",46,2028,"(524, 506, 313, 265, 20, 89, 516, 382, 664, 85, 355, 49, 19, 34, 776)",355,34,2
266,2123267,64217,1,,[],86,86,"(597, 20, 341, 131, 19, 396, 308, 599, 211, 135, 355, 28, 403, 36, 27)",355,308,0
267,2123267,64217,2,,[],48,134,"(28, 36, 20, 131, 19, 396, 599, 308, 355, 211, 135, 597, 341, 27, 403)",308,355,0
268,2123267,64217,3,bboost,"[(599, 341)]",74,204,"(597, 131, 20, 195, 599, 19, 108, 396, 143, 355, 211, 28, 341, 36, 135)",355,211,23
269,2123267,64217,4,,[],72,276,"(28, 341, 131, 195, 19, 108, 143, 599, 216, 355, 211, 597, 36, 20, 135)",355,211,43
270,2123267,64217,5,,[],38,314,"(28, 36, 20, 195, 19, 599, 143, 216, 355, 211, 8, 597, 341, 108, 131)",355,211,18
271,2123267,64217,6,,[],65,379,"(597, 341, 195, 131, 19, 599, 216, 143, 355, 343, 8, 28, 108, 20, 36)",355,143,19
272,2123267,64217,7,,[],57,428,"(597, 430, 20, 131, 19, 412, 516, 143, 355, 343, 8, 28, 599, 341, 36)",355,143,0
273,2123267,64217,8,,"[(20, 19)]",38,466,"(597, 519, 36, 430, 20, 599, 516, 143, 8, 355, 343, 28, 341, 19, 412)",516,599,3
274,2123267,64217,9,,[],72,538,"(597, 430, 36, 519, 19, 412, 516, 599, 8, 343, 355, 28, 143, 311, 341)",355,516,10
275,2123267,64217,10,,[],70,608,"(597, 430, 36, 311, 599, 143, 19, 516, 60, 355, 343, 28, 412, 519, 341)",19,516,6
276,2123267,64217,11,,[],33,641,"(597, 341, 36, 311, 599, 143, 19, 516, 60, 355, 343, 28, 430, 412, 178)",355,343,15
277,2123267,64217,12,,[],79,720,"(597, 430, 36, 311, 19, 412, 143, 516, 60, 343, 355, 28, 599, 341, 178)",355,516,15
278,2123267,64217,13,wildcard,[],44,764,"(524, 234, 36, 430, 308, 362, 19, 516, 355, 60, 33, 148, 161, 245, 311)",19,516,1
279,2123267,64217,14,,[],66,830,"(524, 245, 36, 430, 311, 19, 362, 308, 516, 8, 355, 148, 161, 234, 33)",308,355,8
280,2123267,64217,15,,"[(245, 311)]",45,875,"(148, 234, 245, 430, 161, 19, 308, 516, 362, 355, 8, 524, 311, 36, 33)",308,355,8
281,2123267,64217,16,,"[(36, 355)]",60,935,"(148, 387, 311, 430, 36, 19, 308, 516, 362, 590, 8, 524, 355, 245, 161)",355,308,2
282,2123267,64217,17,,"[(161, 355)]",47,982,"(524, 83, 36, 311, 19, 308, 516, 362, 161, 590, 8, 148, 355, 430, 245)",308,516,1
283,2123267,64217,18,,"[(524, 148)]",39,1021,"(524, 83, 36, 430, 19, 308, 516, 362, 590, 60, 8, 148, 161, 245, 311)",60,516,54
284,2123267,64217,19,,[],32,1053,"(148, 430, 83, 5, 19, 516, 308, 161, 60, 8, 590, 524, 245, 362, 36)",308,516,51
285,2123267,64217,20,,"[(245, 36)]",93,1146,"(524, 245, 5, 203, 19, 308, 516, 362, 590, 60, 8, 148, 36, 161, 83)",516,308,77
286,2123267,64217,21,,[],68,1214,"(524, 203, 245, 5, 161, 19, 362, 349, 60, 8, 590, 148, 36, 516, 83)",19,362,104
287,2123267,64217,22,wildcard,[],51,1265,"(524, 506, 342, 131, 19, 509, 294, 349, 60, 590, 355, 148, 5, 362, 245)",355,349,7
288,2123267,64217,23,,[],72,1337,"(409, 506, 342, 131, 19, 509, 362, 349, 294, 60, 355, 524, 5, 590, 245)",355,349,7
289,2123267,64217,24,,[],89,1426,"(409, 506, 342, 5, 19, 509, 362, 294, 60, 355, 590, 524, 349, 131, 245)",355,294,7
290,2123267,64217,25,,[],75,1501,"(409, 757, 5, 342, 19, 509, 294, 349, 60, 355, 293, 524, 245, 131, 362)",355,349,5
291,2123267,64217,26,,[],52,1553,"(524, 245, 5, 342, 131, 19, 557, 349, 60, 355, 293, 409, 757, 509, 362)",355,349,31
292,2123267,64217,27,,[],69,1622,"(524, 757, 5, 245, 342, 131, 19, 349, 362, 60, 355, 409, 293, 509, 557)",355,349,31
293,2123267,64217,28,,[],53,1675,"(524, 5, 245, 131, 19, 362, 72, 349, 60, 85, 355, 409, 757, 342, 509)",85,355,43
294,2123267,64217,29,freehit,[],18,1693,"(614, 506, 321, 96, 526, 43, 504, 516, 689, 117, 60, 524, 468, 610, 283)",516,60,43
295,2123267,64217,30,,[],50,1743,"(409, 757, 245, 131, 19, 362, 509, 308, 85, 355, 60, 524, 72, 5, 342)",308,60,17
296,2123267,64217,31,,"[(72, 19)]",49,1792,"(409, 545, 757, 5, 245, 72, 308, 509, 362, 85, 355, 524, 131, 19, 60)",308,355,21
297,2123267,64217,32,,"[(72, 509)]",85,1877,"(409, 545, 5, 245, 19, 308, 72, 362, 85, 60, 355, 524, 509, 757, 89)",308,355,25
298,2123267,64217,33,,"[(409, 524), (245, 545)]",66,1939,"(409, 245, 757, 5, 19, 308, 516, 362, 85, 293, 355, 524, 72, 545, 89)",355,308,2
299,2123267,64217,34,,"[(545, 355)]",73,2008,"(409, 234, 5, 89, 545, 72, 19, 308, 226, 85, 293, 524, 355, 245, 362)",308,19,37
300,2123267,64217,35,,[],80,2076,"(409, 234, 545, 245, 516, 362, 19, 412, 355, 415, 135, 524, 308, 5, 89)",362,415,0
301,2123267,64217,36,,[],120,2196,"(409, 234, 5, 245, 516, 19, 412, 362, 308, 415, 355, 524, 135, 545, 89)",355,415,0
302,2123267,64217,37,3xc,[],133,2325,"(409, 234, 616, 245, 516, 412, 362, 353, 415, 355, 211, 524, 19, 5, 89)",355,415,25
303,2123267,64217,38,,"[(524, 409), (415, 19)]",61,2382,"(524, 616, 5, 203, 6, 353, 516, 362, 415, 211, 355, 409, 19, 234, 245)",355,6,13
304,2123267,4021795,1,,[],81,81,"(597, 131, 5, 342, 12, 396, 19, 344, 143, 355, 60, 28, 135, 405, 473)",355,19,15
305,2123267,4021795,2,,"[(405, 342)]",45,126,"(597, 5, 405, 131, 143, 396, 19, 12, 135, 60, 355, 28, 344, 473, 342)",355,19,15
306,2123267,4021795,3,,"[(131, 5)]",52,178,"(597, 131, 203, 342, 143, 396, 19, 353, 12, 60, 355, 28, 135, 5, 405)",355,19,3
307,2123267,4021795,4,,[],77,255,"(597, 203, 131, 342, 216, 396, 19, 143, 353, 355, 60, 28, 135, 5, 405)",355,19,11
308,2123267,4021795,5,,[],53,308,"(597, 203, 5, 342, 216, 396, 19, 501, 353, 355, 60, 28, 405, 135, 131)",355,19,6
309,2123267,4021795,6,,[],67,375,"(597, 203, 405, 131, 216, 396, 19, 353, 617, 355, 135, 28, 501, 5, 342)",355,396,14
310,2123267,4021795,7,,"[(131, 405)]",35,410,"(597, 5, 131, 342, 526, 396, 19, 353, 216, 617, 355, 28, 405, 135, 203)",355,396,12
311,2123267,4021795,8,wildcard,[],64,474,"(28, 407, 519, 36, 526, 504, 308, 516, 402, 293, 355, 524, 178, 139, 538)",308,355,0
312,2123267,4021795,9,,[],78,552,"(28, 407, 519, 36, 526, 504, 308, 516, 402, 293, 355, 524, 178, 139, 538)",355,308,0
313,2123267,4021795,10,,"[(178, 5)]",76,628,"(524, 36, 407, 178, 526, 308, 516, 402, 504, 293, 355, 28, 5, 139, 538)",308,355,1
314,2123267,4021795,11,,[],25,653,"(524, 407, 311, 36, 526, 504, 308, 516, 143, 293, 355, 28, 139, 178, 538)",355,308,0
315,2123267,4021795,12,,[],85,734,"(524, 419, 311, 36, 526, 12, 308, 516, 143, 293, 355, 28, 178, 538, 139)",308,355,5
316,2123267,4021795,13,,"[(139, 526)]",33,767,"(524, 36, 419, 311, 139, 308, 516, 599, 12, 293, 355, 28, 526, 178, 538)",516,355,2
317,2123267,4021795,14,,[],51,818,"(524, 419, 311, 36, 216, 12, 308, 516, 599, 293, 355, 28, 178, 139, 538)",308,355,6
318,2123267,4021795,15,,[],26,840,"(28, 419, 311, 178, 216, 12, 308, 516, 353, 343, 355, 524, 36, 139, 538)",308,355,4
319,2123267,4021795,16,,"[(28, 524), (178, 355)]",59,899,"(28, 36, 419, 311, 178, 216, 308, 516, 353, 12, 343, 524, 355, 139, 538)",355,308,4
320,2123267,4021795,17,,"[(28, 524)]",53,952,"(28, 519, 419, 311, 216, 308, 516, 353, 12, 343, 60, 524, 178, 139, 538)",308,516,59
321,2123267,4021795,18,,[],43,991,"(28, 419, 311, 178, 216, 12, 308, 516, 402, 433, 60, 524, 519, 139, 538)",308,516,63
322,2123267,4021795,19,,[],36,1027,"(524, 419, 519, 178, 353, 12, 308, 516, 402, 433, 60, 28, 311, 139, 538)",308,516,57
323,2123267,4021795,20,,[],86,1105,"(524, 369, 519, 178, 353, 12, 308, 516, 212, 343, 60, 28, 402, 139, 419)",516,343,28
324,2123267,4021795,21,,"[(139, 178), (402, 308)]",34,1139,"(524, 519, 139, 369, 353, 402, 516, 12, 212, 343, 60, 28, 308, 178, 419)",308,343,28
325,2123267,4021795,22,,"[(139, 178), (402, 308)]",62,1201,"(524, 519, 139, 369, 353, 402, 516, 12, 212, 343, 60, 28, 308, 178, 419)",308,343,28
326,2123267,4021795,23,,"[(139, 178), (402, 308)]",68,1269,"(524, 519, 139, 369, 353, 402, 516, 12, 212, 343, 60, 28, 308, 178, 419)",308,343,28
327,2123267,4021795,24,,"[(139, 178), (402, 308)]",23,1292,"(524, 519, 139, 369, 353, 402, 516, 12, 212, 343, 60, 28, 308, 178, 419)",308,343,28
328,2123267,4021795,25,,"[(139, 519)]",68,1360,"(524, 139, 178, 369, 353, 308, 516, 12, 212, 343, 60, 28, 402, 519, 419)",308,343,28
329,2123267,4021795,26,,"[(139, 519), (419, 369), (402, 308)]",40,1400,"(524, 139, 178, 419, 353, 402, 516, 12, 212, 343, 60, 28, 308, 519, 369)",308,343,28
330,2123267,4021795,27,wildcard,[],96,1496,"(524, 369, 10, 511, 353, 19, 303, 504, 526, 355, 60, 28, 326, 238, 203)",19,355,0
331,2123267,4021795,28,,[],37,1533,"(524, 369, 10, 511, 353, 19, 303, 504, 526, 355, 60, 28, 326, 238, 203)",19,355,0
332,2123267,4021795,29,,"[(326, 353)]",12,1545,"(524, 511, 10, 369, 303, 504, 526, 19, 326, 355, 60, 28, 353, 238, 203)",19,355,0
333,2123267,4021795,30,,"[(238, 369)]",46,1591,"(524, 511, 10, 238, 353, 303, 504, 526, 19, 355, 60, 28, 326, 369, 203)",19,355,0
334,2123267,4021795,31,,"[(28, 524), (203, 10), (326, 19)]",35,1626,"(28, 511, 203, 369, 353, 303, 504, 526, 326, 355, 60, 524, 19, 238, 10)",19,355,0
335,2123267,4021795,32,,"[(326, 353)]",61,1687,"(524, 511, 10, 369, 303, 504, 526, 19, 326, 355, 60, 28, 353, 238, 203)",19,355,0
336,2123267,4021795,33,,"[(203, 10), (326, 353)]",31,1718,"(524, 511, 203, 369, 303, 504, 526, 19, 326, 355, 60, 28, 353, 238, 10)",19,355,0
337,2123267,4021795,34,,"[(238, 511), (326, 504)]",74,1792,"(524, 238, 10, 369, 353, 303, 526, 19, 326, 355, 60, 28, 504, 511, 203)",19,355,0
338,2123267,4021795,35,,"[(326, 353)]",77,1869,"(524, 511, 10, 369, 303, 504, 526, 19, 326, 355, 60, 28, 353, 238, 203)",19,355,0
339,2123267,4021795,36,,"[(238, 10)]",69,1938,"(524, 511, 238, 369, 353, 303, 504, 526, 19, 355, 60, 28, 326, 10, 203)",19,355,0
340,2123267,4021795,37,,[],63,2001,"(524, 369, 10, 511, 353, 19, 303, 504, 526, 355, 60, 28, 326, 238, 203)",19,355,0
341,2123267,4021795,38,,"[(238, 10), (326, 526), (203, 19)]",53,2054,"(524, 511, 238, 369, 203, 353, 303, 504, 326, 355, 60, 28, 526, 10, 19)",355,19,0
342,2123267,6855632,1,,[],70,70,"(263, 265, 131, 405, 308, 526, 12, 373, 355, 490, 60, 275, 473, 51, 447)",355,373,0
343,2123267,6855632,2,,"[(447, 473)]",36,106,"(275, 265, 131, 281, 447, 526, 12, 373, 308, 60, 355, 263, 473, 405, 490)",308,355,0
344,2123267,6855632,3,wildcard,"[(401, 341)]",47,153,"(597, 131, 401, 511, 143, 526, 19, 396, 303, 119, 355, 275, 341, 415, 405)",355,303,6
345,2123267,6855632,4,,[],79,232,"(597, 131, 511, 611, 303, 526, 19, 396, 143, 119, 355, 275, 401, 415, 405)",355,303,5
346,2123267,6855632,5,,"[(119, 415)]",47,279,"(275, 401, 405, 611, 511, 143, 19, 396, 303, 119, 355, 597, 415, 131, 526)",355,415,5
347,2123267,6855632,6,,[],85,364,"(275, 405, 131, 611, 220, 303, 19, 396, 143, 415, 355, 597, 119, 511, 526)",355,143,4
348,2123267,6855632,7,,"[(220, 405)]",59,423,"(597, 220, 131, 611, 143, 526, 19, 516, 353, 415, 355, 275, 119, 405, 511)",355,526,2
349,2123267,6855632,8,,[],47,470,"(275, 42, 220, 611, 511, 516, 353, 526, 143, 415, 355, 597, 119, 19, 131)",516,355,2
350,2123267,6855632,9,,[],78,548,"(597, 42, 220, 407, 511, 516, 353, 526, 19, 119, 355, 275, 415, 143, 611)",516,355,5
351,2123267,6855632,10,,[],55,603,"(275, 42, 407, 511, 611, 143, 516, 526, 19, 119, 355, 597, 353, 415, 220)",19,355,5
352,2123267,6855632,11,,[],25,628,"(275, 42, 407, 511, 611, 143, 516, 526, 19, 119, 355, 597, 108, 60, 220)",19,355,3
353,2123267,6855632,12,,[],76,704,"(597, 42, 220, 20, 143, 516, 526, 19, 108, 60, 355, 275, 119, 511, 407)",355,143,1
354,2123267,6855632,13,,"[(260, 526)]",49,749,"(275, 220, 42, 20, 260, 216, 19, 516, 108, 60, 355, 597, 526, 119, 407)",355,516,0
355,2123267,6855632,14,,[],63,812,"(597, 42, 20, 260, 216, 516, 19, 108, 526, 60, 355, 275, 119, 220, 407)",355,516,0
356,2123267,6855632,15,,[],36,848,"(275, 220, 20, 419, 216, 516, 19, 108, 526, 60, 355, 597, 119, 112, 260)",516,355,2
357,2123267,6855632,16,,"[(419, 355)]",54,902,"(597, 112, 20, 260, 419, 216, 526, 19, 516, 119, 60, 275, 108, 355, 377)",355,516,0
358,2123267,6855632,17,,[],56,954,"(275, 20, 419, 112, 216, 19, 526, 516, 308, 60, 343, 597, 119, 260, 377)",216,516,7
359,2123267,6855632,18,,"[(260, 112)]",38,992,"(275, 260, 419, 20, 216, 526, 19, 516, 308, 60, 343, 597, 119, 112, 377)",216,516,7
360,2123267,6855632,19,,"[(48, 419)]",36,1028,"(275, 112, 48, 20, 526, 19, 516, 308, 85, 60, 343, 597, 216, 419, 260)",308,85,0
361,2123267,6855632,20,,"[(85, 216)]",70,1098,"(597, 48, 112, 20, 526, 19, 516, 308, 85, 60, 343, 275, 216, 260, 419)",308,216,0
362,2123267,6855632,21,,"[(85, 501)]",38,1136,"(275, 48, 112, 20, 260, 216, 353, 19, 85, 60, 343, 597, 501, 419, 308)",60,216,19
363,2123267,6855632,22,,[],64,1200,"(275, 20, 48, 112, 260, 19, 353, 501, 216, 60, 343, 597, 85, 419, 308)",60,216,19
364,2123267,6855632,23,,[],71,1271,"(275, 48, 427, 260, 19, 353, 501, 362, 85, 60, 343, 597, 308, 20, 112)",362,343,20
365,2123267,6855632,24,,[],69,1340,"(275, 112, 427, 20, 19, 353, 509, 362, 85, 60, 343, 597, 308, 260, 48)",353,343,18
366,2123267,6855632,25,,[],89,1425,"(597, 260, 427, 20, 19, 353, 509, 134, 85, 60, 355, 275, 362, 112, 48)",355,353,8
367,2123267,6855632,26,,[],58,1483,"(597, 260, 427, 20, 19, 353, 557, 134, 85, 60, 355, 275, 362, 112, 48)",355,353,23
368,2123267,6855632,27,,[],81,1564,"(275, 260, 427, 20, 48, 19, 353, 134, 362, 60, 355, 597, 85, 112, 557)",355,353,23
369,2123267,6855632,28,,[],49,1613,"(275, 321, 427, 20, 86, 19, 353, 362, 85, 60, 355, 597, 134, 48, 260)",85,353,22
370,2123267,6855632,29,freehit,"[(283, 437)]",31,1644,"(101, 321, 96, 506, 283, 526, 378, 599, 516, 117, 60, 275, 437, 688, 86)",516,117,22
371,2123267,6855632,30,,"[(86, 260)]",54,1698,"(275, 48, 511, 427, 86, 362, 353, 19, 85, 60, 355, 597, 260, 134, 20)",60,353,18
372,2123267,6855632,31,,"[(86, 19), (260, 355)]",64,1762,"(275, 511, 427, 20, 260, 362, 353, 86, 134, 85, 117, 597, 19, 355, 48)",117,353,23
373,2123267,6855632,32,,"[(86, 353)]",52,1814,"(275, 511, 427, 20, 362, 86, 19, 134, 85, 117, 355, 597, 353, 260, 48)",117,353,23
374,2123267,6855632,33,,"[(260, 353), (48, 117)]",87,1901,"(275, 377, 427, 20, 260, 48, 362, 19, 134, 85, 355, 597, 86, 353, 117)",355,117,22
375,2123267,6855632,34,3xc,"[(353, 362), (48, 117)]",68,1969,"(597, 377, 427, 20, 260, 48, 353, 19, 308, 85, 590, 275, 362, 117, 134)",308,590,26
376,2123267,6855632,35,wildcard,"[(60, 353)]",55,2024,"(520, 511, 427, 290, 362, 412, 14, 516, 60, 85, 232, 263, 353, 220, 29)",362,516,11
377,2123267,6855632,36,,"[(220, 427)]",53,2077,"(520, 511, 220, 290, 362, 353, 412, 14, 516, 85, 232, 263, 60, 427, 29)",362,516,11
378,2123267,6855632,37,,[],92,2165,"(520, 511, 369, 407, 516, 412, 362, 353, 415, 85, 232, 263, 14, 220, 29)",362,516,53
379,2123267,6855632,38,bboost,[],90,2251,"(520, 511, 369, 407, 29, 220, 14, 540, 362, 85, 232, 263, 516, 353, 355)",362,14,1
380,2123269,4911691,1,,"[(195, 350)]",76,76,"(352, 20, 206, 195, 412, 209, 19, 143, 355, 211, 135, 291, 350, 294, 129)",355,352,5
381,2123269,4911691,2,,[],48,124,"(291, 20, 129, 195, 504, 294, 143, 19, 135, 355, 211, 352, 350, 412, 206)",355,211,0
382,2123269,4911691,3,,[],42,166,"(352, 20, 195, 350, 108, 294, 143, 19, 135, 355, 211, 291, 129, 412, 206)",355,211,9
383,2123269,4911691,4,3xc,[],90,252,"(352, 20, 195, 350, 108, 216, 143, 19, 135, 355, 211, 291, 129, 412, 430)",355,211,8
384,2123269,4911691,5,bboost,[],67,315,"(352, 20, 195, 511, 108, 216, 143, 19, 135, 355, 343, 291, 129, 412, 430)",355,343,22
385,2123269,4911691,6,,[],49,364,"(352, 20, 195, 511, 108, 216, 143, 19, 135, 355, 343, 291, 129, 412, 430)",355,343,22
386,2123269,4911691,7,,[],53,417,"(352, 20, 430, 129, 108, 516, 143, 19, 412, 355, 343, 291, 511, 135, 519)",355,343,8
387,2123269,4911691,8,,[],40,445,"(352, 511, 430, 519, 108, 516, 526, 402, 60, 355, 193, 291, 20, 143, 129)",516,193,6
388,2123269,4911691,9,,"[(291, 352)]",87,532,"(291, 430, 511, 519, 402, 216, 516, 526, 143, 355, 60, 352, 20, 193, 129)",516,355,3
389,2123269,4911691,10,,"[(511, 519)]",56,584,"(291, 20, 430, 511, 402, 216, 516, 526, 412, 355, 60, 352, 519, 119, 129)",60,355,2
390,2123269,4911691,11,,[],53,637,"(291, 20, 430, 129, 362, 516, 526, 402, 412, 60, 355, 352, 511, 119, 519)",355,60,22
391,2123269,4911691,12,,[],58,691,"(291, 20, 430, 29, 362, 516, 526, 678, 412, 60, 355, 352, 129, 119, 519)",430,355,10
392,2123269,4911691,13,,[],51,738,"(291, 20, 430, 206, 362, 516, 19, 678, 412, 60, 355, 352, 129, 119, 519)",362,355,3
393,2123269,4911691,14,,[],75,813,"(352, 20, 430, 427, 362, 516, 19, 678, 412, 60, 355, 291, 206, 119, 519)",355,60,1
394,2123269,4911691,15,,[],30,843,"(352, 20, 430, 427, 206, 362, 516, 19, 412, 60, 355, 291, 678, 119, 519)",355,60,1
395,2123269,4911691,16,,"[(519, 355)]",24,867,"(352, 20, 430, 206, 427, 519, 362, 526, 19, 412, 60, 291, 678, 212, 355)",355,60,5
396,2123269,4911691,17,,"[(412, 355)]",87,954,"(291, 20, 519, 427, 501, 362, 526, 19, 412, 212, 60, 352, 355, 430, 206)",362,60,0
397,2123269,4911691,18,,[],43,993,"(291, 20, 5, 430, 362, 526, 19, 501, 539, 212, 60, 352, 355, 519, 427)",60,362,3
398,2123269,4911691,19,,"[(5, 355)]",25,1018,"(291, 20, 430, 519, 5, 501, 526, 19, 539, 212, 60, 352, 362, 355, 427)",212,355,3
399,2123269,4911691,20,,"[(5, 216)]",48,1066,"(291, 20, 519, 131, 5, 362, 526, 19, 355, 212, 60, 352, 539, 216, 430)",212,355,6
400,2123269,4911691,21,,"[(5, 355)]",72,1138,"(291, 20, 519, 131, 5, 216, 362, 526, 19, 85, 60, 352, 539, 355, 430)",362,526,8
401,2123269,4911691,22,,[],47,1185,"(291, 20, 519, 131, 526, 19, 362, 216, 355, 85, 60, 352, 539, 5, 430)",362,526,8
402,2123269,4911691,23,,[],62,1247,"(291, 20, 519, 131, 526, 19, 362, 216, 355, 85, 60, 352, 539, 5, 430)",362,526,8
403,2123269,4911691,24,,"[(352, 291)]",89,1328,"(352, 20, 430, 519, 509, 362, 19, 303, 355, 85, 212, 291, 526, 5, 131)",362,355,1
404,2123269,4911691,25,,"[(352, 291), (5, 519)]",100,1428,"(352, 20, 430, 5, 509, 362, 19, 303, 355, 85, 617, 291, 526, 519, 131)",355,362,5
405,2123269,4911691,26,,[],57,1485,"(352, 20, 5, 430, 131, 19, 526, 678, 355, 85, 617, 291, 362, 519, 509)",355,526,14
406,2123269,4911691,27,,"[(678, 509)]",59,1536,"(352, 20, 430, 36, 678, 362, 526, 19, 355, 211, 60, 291, 509, 5, 131)",355,526,1
407,2123269,4911691,28,,[],41,1573,"(352, 20, 36, 5, 599, 19, 526, 362, 60, 355, 85, 291, 678, 430, 131)",85,526,5
408,2123269,4911691,29,,[],11,1584,"(352, 20, 5, 36, 599, 362, 526, 19, 355, 85, 60, 291, 678, 430, 131)",85,526,5
409,2123269,4911691,30,,"[(131, 36)]",73,1657,"(352, 20, 5, 131, 599, 362, 526, 19, 355, 85, 60, 291, 678, 430, 36)",85,526,5
410,2123269,4911691,31,,"[(678, 19)]",53,1710,"(352, 20, 5, 131, 599, 362, 526, 678, 355, 85, 60, 291, 19, 430, 36)",355,526,5
411,2123269,4911691,32,,"[(131, 203), (60, 353)]",53,1759,"(113, 20, 131, 5, 599, 362, 526, 678, 60, 355, 85, 291, 353, 203, 36)",362,526,39
412,2123269,4911691,33,,"[(131, 526), (599, 353)]",104,1863,"(113, 20, 203, 5, 131, 362, 599, 678, 355, 85, 60, 291, 526, 353, 36)",362,526,39
413,2123269,4911691,34,,"[(36, 203), (599, 362)]",87,1946,"(291, 20, 36, 5, 599, 349, 353, 412, 355, 415, 60, 113, 131, 362, 203)",362,349,8
414,2123269,4911691,35,,[],54,1980,"(113, 20, 290, 427, 373, 349, 362, 14, 60, 232, 415, 291, 220, 599, 36)",362,349,25
415,2123269,4911691,36,,"[(220, 427), (599, 373)]",57,2037,"(113, 20, 290, 220, 362, 349, 599, 14, 232, 415, 60, 291, 427, 373, 36)",362,349,25
416,2123269,4911691,37,,[],120,2141,"(113, 20, 407, 203, 236, 349, 362, 353, 355, 211, 415, 291, 220, 14, 36)",355,349,12
417,2123269,4911691,38,,[],53,2194,"(113, 20, 407, 203, 236, 349, 362, 353, 355, 211, 415, 291, 220, 14, 36)",355,349,12
