assists,bonus,bps,clean_sheets,creativity,element,expected_assists,expected_goal_involvements,expected_goals,expected_goals_conceded,fixture,goals_conceded,goals_scored,ict_index,influence,kickoff_time,minutes,mng_clean_sheets,mng_draw,mng_goals_scored,mng_loss,mng_underdog_draw,mng_underdog_win,mng_win,modified,opponent_team,own_goals,penalties_missed,penalties_saved,red_cards,round,saves,selected,starts,team_a_score,team_h_score,threat,total_points,transfers_balance,transfers_in,transfers_out,value,was_home,yellow_cards,fpl_id
0,0,0,-1,0,0.0,225,0.0,0.0,0.0,0.07,3,1,0,0.0,0.0,2024-08-17T14:00:00Z,5,0,0,0,0,0,0,0,False,5,0,0,0,0,1,0,43592,0,3,0,0.0,1,0,0,0,40,True,0,225
1,0,0,0,0,0.0,225,0.0,0.0,0.0,0.0,19,0,0,0.0,0.0,2024-08-24T14:00:00Z,0,0,0,0,0,0,0,0,False,18,0,0,0,0,2,0,57099,0,0,4,0.0,0,2961,6673,3712,40,False,0,225
2,0,0,0,0,0.0,225,0.0,0.0,0.0,0.0,24,0,0,0.0,0.0,2024-08-31T14:00:00Z,0,0,0,0,0,0,0,0,False,3,0,0,0,0,3,0,57395,0,3,2,0.0,0,-1535,5113,6648,40,True,0,225
3,0,0,0,0,0.0,225,0.0,0.0,0.0,0.0,31,0,0,0.0,0.0,2024-09-14T16:30:00Z,0,0,0,0,0,0,0,0,False,2,0,0,0,0,4,0,41242,0,2,3,0.0,0,-15557,0,15557,40,False,0,225
4,0,0,0,0,0.0,225,0.0,0.0,0.0,0.0,45,0,0,0.0,0.0,2024-09-21T14:00:00Z,0,0,0,0,0,0,0,0,False,11,0,0,0,0,5,0,36730,0,1,1,0.0,0,-5013,0,5013,40,False,0,225
5,0,0,0,0,0.0,225,0.0,0.0,0.0,0.0,55,0,0,0.0,0.0,2024-09-28T14:00:00Z,0,0,0,0,0,0,0,0,False,7,0,0,0,0,6,0,32807,0,1,2,0.0,0,-3982,0,3982,40,True,0,225
6,0,0,0,0,0.0,225,0.0,0.0,0.0,0.0,67,0,0,0.0,0.0,2024-10-05T16:30:00Z,0,0,0,0,0,0,0,0,False,15,0,0,0,0,7,0,30132,0,0,0,0.0,0,-2747,0,2747,40,True,0,225
7,0,0,0,0,0.0,225,0.0,0.0,0.0,0.0,73,0,0,0.0,0.0,2024-10-19T14:15:00Z,0,0,0,0,0,0,0,0,False,10,0,0,0,0,8,0,28139,0,2,0,0.0,0,-2042,0,2042,40,False,0,225
8,0,0,0,0,0.0,225,0.0,0.0,0.0,0.0,87,0,0,0.0,0.0,2024-10-26T16:30:00Z,0,0,0,0,0,0,0,0,False,9,0,0,0,0,9,0,26821,0,1,1,0.0,0,-1327,0,1327,40,True,0,225
9,0,0,0,0,0.0,225,0.0,0.0,0.0,0.0,98,0,0,0.0,0.0,2024-11-02T15:00:00Z,0,0,0,0,0,0,0,0,False,17,0,0,0,0,10,0,25305,0,0,1,0.0,0,-1522,0,1522,40,False,0,225
10,0,0,0,0,0.0,225,0.0,0.0,0.0,0.0,109,0,0,0.0,0.0,2024-11-09T15:00:00Z,0,0,0,0,0,0,0,0,False,19,0,0,0,0,11,0,24284,0,0,0,0.0,0,-1026,0,1026,40,False,0,225
11,0,0,0,0,0.0,225,0.0,0.0,0.0,0.0,114,0,0,0.0,0.0,2024-11-23T15:00:00Z,0,0,0,0,0,0,0,0,False,4,0,0,0,0,12,0,23301,0,0,0,0.0,0,-1017,0,1017,40,True,0,225
12,0,0,0,0,0.0,225,0.0,0.0,0.0,0.0,126,0,0,0.0,0.0,2024-12-01T13:30:00Z,0,0,0,0,0,0,0,0,False,14,0,0,0,0,13,0,22650,0,0,4,0.0,0,-668,0,668,40,False,0,225
13,0,0,0,0,0.0,225,0.0,0.0,0.0,0.0,134,0,0,0.0,0.0,2024-12-04T19:30:00Z,0,0,0,0,0,0,0,0,False,20,0,0,0,0,14,0,22038,0,0,4,0.0,0,-631,0,631,40,True,0,225
14,0,0,0,0,0.0,225,0.0,0.0,0.0,0.0,151,0,0,0.0,0.0,2024-12-14T15:00:00Z,0,0,0,0,0,0,0,0,False,1,0,0,0,0,16,0,20869,0,0,0,0.0,0,-599,0,599,40,False,0,225
15,0,0,0,0,0.0,225,0.0,0.0,0.0,0.0,164,0,0,0.0,0.0,2024-12-22T14:00:00Z,0,0,0,0,0,0,0,0,False,6,0,0,0,0,17,0,20374,0,0,0,0.0,0,-515,0,515,40,True,0,225
16,0,0,0,0,0.0,225,0.0,0.0,0.0,0.0,176,0,0,0.0,0.0,2024-12-26T12:30:00Z,0,0,0,0,0,0,0,0,False,13,0,0,0,0,18,0,19667,0,1,1,0.0,0,-690,0,690,40,False,0,225
17,0,0,0,0,0.0,225,0.0,0.0,0.0,0.0,184,0,0,0.0,0.0,2024-12-29T15:00:00Z,0,0,0,0,0,0,0,0,False,16,0,0,0,0,19,0,19038,0,2,0,0.0,0,-653,0,653,40,True,0,225
18,0,0,0,0,0.0,225,0.0,0.0,0.0,0.0,192,0,0,0.0,0.0,2025-01-04T15:00:00Z,0,0,0,0,0,0,0,0,False,3,0,0,0,0,20,0,18513,0,0,1,0.0,0,-518,0,518,40,False,0,225
19,0,0,0,0,0.0,225,0.0,0.0,0.0,0.0,203,0,0,0.0,0.0,2025-01-15T19:30:00Z,0,0,0,0,0,0,0,0,False,2,0,0,0,0,21,0,18135,0,1,0,0.0,0,-386,0,386,40,True,0,225
20,0,0,0,0,0.0,225,0.0,0.0,0.0,0.0,214,0,0,0.0,0.0,2025-01-19T14:00:00Z,0,0,0,0,0,0,0,0,False,18,0,0,0,0,22,0,17919,0,2,3,0.0,0,-230,0,230,40,True,0,225
21,0,0,0,0,0.0,225,0.0,0.0,0.0,0.0,223,0,0,0.0,0.0,2025-01-25T15:00:00Z,0,0,0,0,0,0,0,0,False,5,0,0,0,0,23,0,17612,0,1,0,0.0,0,-303,0,303,40,False,0,225
22,0,0,0,0,0.0,225,0.0,0.0,0.0,0.0,235,0,0,0.0,0.0,2025-02-01T15:00:00Z,0,0,0,0,0,0,0,0,False,11,0,0,0,0,24,0,17320,0,0,4,0.0,0,-279,0,279,40,True,0,225
23,0,0,0,0,0.0,225,0.0,0.0,0.0,0.0,144,0,0,0.0,0.0,2025-02-12T19:30:00Z,0,0,0,0,0,0,0,0,False,12,0,0,0,0,24,0,17320,0,2,2,0.0,0,-279,0,279,40,True,0,225
24,0,0,0,0,0.0,225,0.0,0.0,0.0,0.0,243,0,0,0.0,0.0,2025-02-15T17:30:00Z,0,0,0,0,0,0,0,0,False,7,0,0,0,0,25,0,17115,0,2,1,0.0,0,-222,0,222,40,False,0,225
25,0,0,0,0,0.0,225,0.0,0.0,0.0,0.0,254,0,0,0.0,0.0,2025-02-22T12:30:00Z,0,0,0,0,0,0,0,0,False,14,0,0,0,0,26,0,16931,0,2,2,0.0,0,-186,0,186,40,True,0,225
26,0,0,0,0,0.0,225,0.0,0.0,0.0,0.0,261,0,0,0.0,0.0,2025-02-26T19:30:00Z,0,0,0,0,0,0,0,0,False,4,0,0,0,0,27,0,16788,0,1,1,0.0,0,-147,0,147,40,False,0,225
27,0,0,0,0,0.0,225,0.0,0.0,0.0,0.0,280,0,0,0.0,0.0,2025-03-08T20:00:00Z,0,0,0,0,0,0,0,0,False,20,0,0,0,0,28,0,16626,0,1,1,0.0,0,-159,0,159,40,False,0,225
28,0,0,0,0,0.0,225,0.0,0.0,0.0,0.0,284,0,0,0.0,0.0,2025-03-15T15:00:00Z,0,0,0,0,0,0,0,0,False,19,0,0,0,0,29,0,16372,0,1,1,0.0,0,-176,0,176,40,True,0,225
29,0,0,0,0,0.0,225,0.0,0.0,0.0,0.0,297,0,0,0.0,0.0,2025-04-02T19:00:00Z,0,0,0,0,0,0,0,0,False,12,0,0,0,0,30,0,16320,0,0,1,0.0,0,-137,0,137,40,False,0,225
30,0,0,0,0,0.0,225,0.0,0.0,0.0,0.0,304,0,0,0.0,0.0,2025-04-05T11:30:00Z,0,0,0,0,0,0,0,0,False,1,0,0,0,0,31,0,16229,0,1,1,0.0,0,-94,0,94,40,True,0,225
31,0,0,0,0,0.0,225,0.0,0.0,0.0,0.0,318,0,0,0.0,0.0,2025-04-12T14:00:00Z,0,0,0,0,0,0,0,0,False,16,0,0,0,0,32,0,16114,0,1,0,0.0,0,-111,0,111,40,False,0,225
32,0,0,0,0,0.0,225,0.0,0.0,0.0,0.0,324,0,0,0.0,0.0,2025-04-19T14:00:00Z,0,0,0,0,0,0,0,0,False,13,0,0,0,0,33,0,16013,0,2,0,0.0,0,-96,0,96,40,True,0,225
33,0,0,0,0,0.0,225,0.0,0.0,0.0,0.0,334,0,0,0.0,0.0,2025-04-26T11:30:00Z,0,0,0,0,0,0,0,0,False,6,0,0,0,0,34,0,15913,0,0,1,0.0,0,-97,0,97,40,False,0,225
