h_a,xG,xGA,npxG,npxGA,ppda,ppda_allowed,deep,deep_allowed,scored,missed,xpts,result,date,wins,draws,loses,pts,npxGD
a,1.79083,0.405325,1.79083,0.405325,"{'att': 190, 'def': 24}","{'att': 385, 'def': 21}",5,4,3,0,2.5286999999999997,w,2024-08-17 14:00:00,1,0,0,3,1.385505
h,2.14153,1.28556,2.14153,1.28556,"{'att': 350, 'def': 28}","{'att': 302, 'def': 18}",10,8,2,1,2.0422,w,2024-08-24 11:30:00,1,0,0,3,0.8559699999999999
a,1.81748,2.41798,1.81748,2.41798,"{'att': 154, 'def': 16}","{'att': 222, 'def': 24}",6,6,1,1,0.9694,d,2024-08-31 11:30:00,0,1,0,1,-0.6005
h,1.75696,0.721323,1.75696,0.721323,"{'att': 146, 'def': 38}","{'att': 324, 'def': 22}",12,1,0,0,2.2361999999999997,d,2024-09-14 14:00:00,0,1,0,1,1.035637
h,1.56836,1.36923,1.56836,0.608061,"{'att': 122, 'def': 23}","{'att': 273, 'def': 12}",4,3,2,2,1.4758,d,2024-09-22 13:00:00,0,1,0,1,0.960299
a,1.20712,3.65839,1.20712,2.89722,"{'att': 236, 'def': 29}","{'att': 328, 'def': 13}",7,10,2,4,0.1977,l,2024-09-28 14:00:00,0,0,1,0,-1.6901
h,1.97217,1.09279,1.97217,1.09279,"{'att': 348, 'def': 28}","{'att': 206, 'def': 16}",4,10,3,2,2.0558,w,2024-10-06 15:30:00,1,0,0,3,0.87938
a,1.6779,1.93657,1.6779,1.93657,"{'att': 281, 'def': 17}","{'att': 223, 'def': 38}",6,14,1,0,1.2047,w,2024-10-19 14:00:00,1,0,0,3,-0.25866999999999996
h,1.51347,1.11074,1.51347,1.11074,"{'att': 279, 'def': 28}","{'att': 248, 'def': 22}",12,3,2,2,1.6689,d,2024-10-26 14:00:00,0,1,0,1,0.40273000000000003
a,1.01568,1.81037,1.01568,1.81037,"{'att': 274, 'def': 34}","{'att': 293, 'def': 28}",5,10,1,2,0.7932999999999999,l,2024-11-02 15:00:00,0,0,1,0,-0.7946900000000001
h,2.87116,2.60334,2.87116,2.60334,"{'att': 407, 'def': 30}","{'att': 297, 'def': 17}",5,4,2,1,1.5584000000000002,w,2024-11-09 17:30:00,1,0,0,3,0.26781999999999995
a,1.23059,1.91157,1.23059,1.91157,"{'att': 247, 'def': 19}","{'att': 230, 'def': 31}",5,11,2,1,0.9064000000000001,w,2024-11-23 15:00:00,1,0,0,3,-0.6809799999999999
h,1.86986,0.934969,1.86986,0.934969,"{'att': 292, 'def': 34}","{'att': 265, 'def': 22}",16,4,1,1,2.0479,d,2024-11-29 20:00:00,0,1,0,1,0.934891
a,1.09939,0.666644,1.09939,0.666644,"{'att': 232, 'def': 17}","{'att': 318, 'def': 17}",2,3,1,3,1.7403,l,2024-12-05 19:30:00,0,0,1,0,0.4327460000000001
a,1.12184,1.42438,1.12184,1.42438,"{'att': 323, 'def': 26}","{'att': 290, 'def': 20}",5,3,2,2,1.0744,d,2024-12-08 14:00:00,0,1,0,1,-0.30254000000000003
h,1.32323,3.00618,1.32323,3.00618,"{'att': 176, 'def': 37}","{'att': 311, 'def': 22}",9,6,1,3,0.39640000000000003,l,2024-12-15 14:00:00,0,0,1,0,-1.6829500000000002
a,1.34379,1.22937,1.34379,1.22937,"{'att': 229, 'def': 37}","{'att': 237, 'def': 25}",13,6,1,1,1.485,d,2024-12-21 15:00:00,0,1,0,1,0.11441999999999997
h,1.33538,0.961233,1.33538,0.961233,"{'att': 192, 'def': 23}","{'att': 240, 'def': 19}",21,5,0,0,1.6324999999999998,d,2024-12-27 19:30:00,0,1,0,1,0.374147
a,0.938042,1.87997,0.938042,1.1188,"{'att': 275, 'def': 32}","{'att': 199, 'def': 20}",6,13,2,2,0.6501,d,2024-12-30 19:45:00,0,1,0,1,-0.18075799999999997
h,1.76513,1.81142,1.00396,1.81142,"{'att': 325, 'def': 22}","{'att': 260, 'def': 24}",4,8,1,1,1.3562,d,2025-01-04 17:30:00,0,1,0,1,-0.8074600000000001
a,1.06343,0.268127,1.06343,0.268127,"{'att': 274, 'def': 26}","{'att': 266, 'def': 23}",9,1,2,0,2.0936,w,2025-01-16 19:30:00,1,0,0,3,0.7953030000000001
a,2.17172,1.31823,2.17172,0.557061,"{'att': 264, 'def': 14}","{'att': 266, 'def': 30}",6,8,3,1,2.0938,w,2025-01-19 14:00:00,1,0,0,3,1.614659
h,0.64378,0.870883,0.64378,0.109715,"{'att': 174, 'def': 26}","{'att': 317, 'def': 19}",9,2,0,1,0.9701,l,2025-01-25 15:00:00,0,0,1,0,0.534065
a,0.756296,4.0677,0.756296,3.30653,"{'att': 176, 'def': 28}","{'att': 319, 'def': 16}",8,7,0,7,0.041800000000000004,l,2025-02-01 12:30:00,0,0,1,0,-2.550234
h,2.06892,0.649788,2.06892,0.649788,"{'att': 461, 'def': 27}","{'att': 192, 'def': 31}",7,9,3,0,2.4382,w,2025-02-14 20:00:00,1,0,0,3,1.4191319999999998
a,5.12018,0.154147,5.12018,0.154147,"{'att': 264, 'def': 27}","{'att': 256, 'def': 26}",6,1,4,0,2.9958,w,2025-02-22 15:00:00,1,0,0,3,4.966033
h,2.57927,1.70169,1.8181,1.70169,"{'att': 244, 'def': 21}","{'att': 156, 'def': 34}",7,8,2,1,1.9919,w,2025-02-25 19:30:00,1,0,0,3,0.11641000000000012
h,1.94417,0.708227,1.183,0.708227,"{'att': 279, 'def': 31}","{'att': 288, 'def': 13}",11,1,2,1,2.4018,w,2025-03-08 15:00:00,1,0,0,3,0.474773
a,2.11119,2.02642,2.11119,1.26525,"{'att': 273, 'def': 15}","{'att': 181, 'def': 17}",8,6,2,2,1.4439,d,2025-03-15 15:00:00,0,1,0,1,0.8459400000000001
h,0.558009,1.20715,0.558009,1.20715,"{'att': 240, 'def': 32}","{'att': 250, 'def': 20}",12,4,0,3,0.7490000000000001,l,2025-04-02 19:45:00,0,0,1,0,-0.649141
a,1.27226,0.443965,1.27226,0.443965,"{'att': 187, 'def': 24}","{'att': 306, 'def': 19}",7,1,1,2,2.1576,l,2025-04-05 14:00:00,0,0,1,0,0.828295
h,3.6978,1.98444,2.17546,1.98444,"{'att': 176, 'def': 20}","{'att': 301, 'def': 17}",17,4,2,2,2.4116,d,2025-04-12 14:00:00,0,1,0,1,0.1910200000000002
a,1.24107,2.95516,1.24107,2.95516,"{'att': 230, 'def': 15}","{'att': 215, 'def': 15}",10,14,2,4,0.4121,l,2025-04-19 14:00:00,0,0,1,0,-1.71409
h,1.29433,1.24134,1.29433,1.24134,"{'att': 275, 'def': 30}","{'att': 240, 'def': 10}",10,10,3,2,1.389,w,2025-04-26 14:00:00,1,0,0,3,0.05298999999999987
h,0.687863,1.63777,0.687863,0.876604,"{'att': 248, 'def': 18}","{'att': 191, 'def': 20}",1,12,1,1,0.5700000000000001,d,2025-05-04 13:00:00,0,1,0,1,-0.18874100000000005
a,1.41254,0.73395,0.651374,0.73395,"{'att': 331, 'def': 30}","{'att': 264, 'def': 20}",5,7,2,0,2.0248999999999997,w,2025-05-10 14:00:00,1,0,0,3,-0.08257599999999998
h,2.17789,3.065,2.17789,3.065,"{'att': 309, 'def': 20}","{'att': 234, 'def': 18}",20,13,3,2,0.8144,w,2025-05-19 19:00:00,1,0,0,3,-0.8871099999999998
a,3.11624,1.85265,2.35507,1.09148,"{'att': 172, 'def': 26}","{'att': 289, 'def': 16}",12,3,4,1,2.2437,w,2025-05-25 15:00:00,1,0,0,3,1.26359
