assists_x,bonus,bps,clean_sheets,creativity,element,expected_assists,expected_goal_involvements,expected_goals,expected_goals_conceded,fixture,goals_conceded,goals_scored,ict_index,influence,date,minutes,modified,opponent_team,own_goals,penalties_missed,penalties_saved,red_cards,round,saves,selected,starts,team_a_score,team_h_score,threat,total_points,transfers_balance,transfers_in,transfers_out,value,was_home,yellow_cards,goals,shots,xG,time,h_team,a_team,h_goals,a_goals,id,season,roster_id,xA,assists_y,key_passes,npg,npxG,xGChain,xGBuildup,player_team,team_h_difficulty,team_a_difficulty,event,xP,position,clean_sheets_3,expected_assists_3,expected_goal_involvements_3,expected_goals_3,expected_goals_conceded_3,goals_conceded_3,goals_scored_3,ict_index_3,influence_3,creativity_3,threat_3,minutes_3,own_goals_3,penalties_missed_3,penalties_saved_3,red_cards_3,yellow_cards_3,saves_3,starts_3,team_a_score_3,team_h_score_3,total_points_3,goals_3,shots_3,xG_3,xA_3,assists_y_3,key_passes_3,npg_3,npxG_3,xGChain_3,xGBuildup_3,xP_3,selected_3
0.0,0.0,7.0,0.0,12.4,32.0,0.01,0.01,0.0,1.41,7.0,1.0,0.0,2.3,9.0,2024-08-17,81.0,False,19.0,0.0,0.0,0.0,0.0,1.0,0.0,263349.0,1.0,2.0,1.0,2.0,2.0,0.0,0.0,0.0,45.0,False,0.0,0.0,0.0,0.0,85.0,West Ham,Aston Villa,1.0,2.0,26608.0,2024.0,666465.0,0.436320036649704,0.0,1.0,0.0,0.0,0.4702388346195221,0.4702388346195221,Aston Villa,3.0,2.0,1.0,1.9,DEF,0.0,0.0,0.0,0.0,0.0,0.0,0.0,0.0,0.0,0.0,0.0,0.0,0.0,0.0,0.0,0.0,0.0,0.0,0.0,0.0,0.0,0.0,0.0,0.0,0.0,0.0,0.0,0.0,0.0,0.0,0.0,0.0,0.0,0.0
0.0,0.0,3.0,0.0,0.0,32.0,0.0,0.0,0.0,0.12,11.0,0.0,0.0,0.3,0.6,2024-08-24,15.0,False,1.0,0.0,0.0,0.0,0.0,2.0,0.0,314450.0,1.0,2.0,0.0,2.0,1.0,3007.0,28026.0,25019.0,45.0,True,0.0,0.0,0.0,0.0,15.0,Aston Villa,Arsenal,0.0,2.0,26618.0,2024.0,668260.0,0.0,0.0,0.0,0.0,0.0,0.0,0.0,Aston Villa,4.0,4.0,2.0,0.5,DEF,0.0,0.01,0.01,0.0,1.41,1.0,0.0,2.3,9.0,12.4,2.0,81.0,0.0,0.0,0.0,0.0,0.0,0.0,1.0,2.0,1.0,2.0,0.0,0.0,0.0,0.44,0.0,1.0,0.0,0.0,0.47,0.47,1.9,263349.0
0.0,0.0,22.0,1.0,3.0,32.0,0.01,0.04,0.03,0.52,62.0,0.0,0.0,1.5,7.4,2024-10-06,90.0,False,14.0,0.0,0.0,0.0,0.0,7.0,0.0,119931.0,1.0,0.0,0.0,5.0,6.0,-8289.0,1341.0,9630.0,44.0,True,0.0,0.0,1.0,0.0228233952075243,90.0,Aston Villa,Manchester United,0.0,0.0,26670.0,2024.0,680074.0,0.0,0.0,0.0,0.0,0.0228233952075243,0.1321884393692016,0.1321884393692016,Aston Villa,3.0,4.0,7.0,1.5,DEF,0.0,0.0,0.0,0.0,0.0,0.0,0.0,0.0,0.0,0.0,0.0,0.0,0.0,0.0,0.0,0.0,0.0,0.0,0.0,0.0,0.0,0.0,0.0,0.0,0.0,0.0,0.0,0.0,0.0,0.0,0.0,0.0,0.0,0.0
0.0,0.0,8.0,0.0,0.8,32.0,0.0,0.0,0.0,1.78,72.0,1.0,0.0,1.1,9.8,2024-10-19,90.0,False,9.0,0.0,0.0,0.0,0.0,8.0,0.0,128351.0,1.0,3.0,1.0,0.0,2.0,6527.0,9763.0,3236.0,44.0,False,0.0,0.0,0.0,0.0,90.0,Fulham,Aston Villa,1.0,3.0,26673.0,2024.0,681334.0,0.0,0.0,0.0,0.0,0.0,0.495184063911438,0.495184063911438,Aston Villa,3.0,3.0,8.0,2.7,DEF,1.0,0.01,0.04,0.03,0.52,0.0,0.0,1.5,7.4,3.0,5.0,90.0,0.0,0.0,0.0,0.0,0.0,0.0,1.0,0.0,0.0,6.0,0.0,1.0,0.02,0.0,0.0,0.0,0.0,0.02,0.13,0.13,1.5,119931.0
0.0,0.0,11.0,0.0,16.0,32.0,0.14,0.14,0.0,0.31,82.0,1.0,0.0,3.2,16.2,2024-10-26,90.0,False,3.0,0.0,0.0,0.0,0.0,9.0,0.0,133837.0,1.0,1.0,1.0,0.0,1.0,4657.0,7784.0,3127.0,44.0,True,1.0,0.0,0.0,0.0,90.0,Aston Villa,Bournemouth,1.0,1.0,26684.0,2024.0,682960.0,0.0402337275445461,0.0,1.0,0.0,0.0,0.2120198458433151,0.2120198458433151,Aston Villa,3.0,4.0,9.0,2.2,DEF,1.0,0.01,0.04,0.03,2.3,1.0,0.0,2.6,17.2,3.8,5.0,180.0,0.0,0.0,0.0,0.0,0.0,0.0,2.0,3.0,1.0,8.0,0.0,1.0,0.02,0.0,0.0,0.0,0.0,0.02,0.63,0.63,4.2,248282.0
0.0,0.0,1.0,0.0,0.8,32.0,0.0,0.0,0.0,0.93,99.0,1.0,0.0,1.5,14.4,2024-11-03,59.0,False,18.0,0.0,0.0,0.0,0.0,10.0,0.0,134074.0,1.0,1.0,4.0,0.0,1.0,34.0,6307.0,6273.0,44.0,False,0.0,0.0,0.0,0.0,61.0,Tottenham,Aston Villa,4.0,1.0,26700.0,2024.0,685531.0,0.0,0.0,0.0,0.0,0.0,0.4224270582199096,0.4224270582199096,Aston Villa,3.0,4.0,10.0,0.8,DEF,1.0,0.15,0.18,0.03,2.61,2.0,0.0,5.8,33.4,19.8,5.0,270.0,0.0,0.0,0.0,0.0,1.0,0.0,3.0,4.0,2.0,9.0,0.0,1.0,0.02,0.04,0.0,1.0,0.0,0.02,0.84,0.84,6.4,382119.0
0.0,0.0,10.0,0.0,3.7,32.0,0.02,0.02,0.0,0.43,112.0,0.0,0.0,1.6,8.0,2024-11-23,45.0,False,7.0,0.0,0.0,0.0,0.0,12.0,0.0,118076.0,0.0,2.0,2.0,4.0,1.0,-3249.0,5802.0,9051.0,44.0,True,0.0,0.0,0.0,0.0,39.0,Aston Villa,Crystal Palace,2.0,2.0,26716.0,2024.0,688436.0,0.0,0.0,0.0,0.0,0.0,0.0961086004972457,0.0961086004972457,Aston Villa,3.0,4.0,12.0,0.7,DEF,0.0,0.14,0.14,0.0,1.24,2.0,0.0,4.7,30.6,16.8,0.0,149.0,0.0,0.0,0.0,0.0,1.0,0.0,2.0,2.0,5.0,2.0,0.0,0.0,0.0,0.04,0.0,1.0,0.0,0.0,0.63,0.63,3.0,267911.0
0.0,0.0,-7.0,0.0,0.2,32.0,0.0,0.0,0.0,1.61,123.0,3.0,0.0,1.5,13.0,2024-12-01,90.0,False,6.0,0.0,0.0,0.0,0.0,13.0,0.0,116610.0,1.0,0.0,3.0,2.0,0.0,-1765.0,2604.0,4369.0,44.0,False,1.0,0.0,0.0,0.0,90.0,Chelsea,Aston Villa,3.0,0.0,26724.0,2024.0,690691.0,0.0,0.0,0.0,0.0,0.0,0.3255306780338287,0.3255306780338287,Aston Villa,3.0,4.0,13.0,0.0,DEF,0.0,0.02,0.02,0.0,1.36,1.0,0.0,3.1,22.4,4.5,4.0,104.0,0.0,0.0,0.0,0.0,0.0,0.0,1.0,3.0,6.0,2.0,0.0,0.0,0.0,0.0,0.0,0.0,0.0,0.0,0.52,0.52,1.5,252150.0
0.0,0.0,27.0,0.0,1.8,32.0,0.0,0.02,0.02,1.03,132.0,1.0,1.0,7.6,57.0,2024-12-04,90.0,False,4.0,0.0,0.0,0.0,0.0,14.0,0.0,118523.0,1.0,1.0,3.0,17.0,7.0,1371.0,4806.0,3435.0,44.0,True,1.0,1.0,1.0,0.0756848156452179,90.0,Aston Villa,Brentford,3.0,1.0,26734.0,2024.0,691539.0,0.0,0.0,0.0,1.0,0.0756848156452179,0.8396844267845154,0.7639996409416199,Aston Villa,2.0,4.0,14.0,2.0,DEF,0.0,0.02,0.02,0.0,2.04,3.0,0.0,3.1,21.0,3.9,6.0,135.0,0.0,0.0,0.0,0.0,1.0,0.0,1.0,2.0,5.0,1.0,0.0,0.0,0.0,0.0,0.0,0.0,0.0,0.0,0.42,0.42,0.7,234686.0
0.0,0.0,-3.0,0.0,13.2,32.0,0.42,0.45,0.03,1.78,158.0,2.0,0.0,5.7,11.2,2024-12-14,90.0,False,16.0,0.0,0.0,0.0,0.0,16.0,0.0,156778.0,1.0,1.0,2.0,33.0,1.0,-10705.0,6026.0,16731.0,44.0,False,0.0,0.0,1.0,0.0299912616610527,90.0,Nottingham Forest,Aston Villa,2.0,1.0,26761.0,2024.0,693898.0,0.0454938076436519,0.0,1.0,0.0,0.0299912616610527,0.0754850655794143,0.0,Aston Villa,3.0,3.0,16.0,1.8,DEF,0.0,0.0,0.02,0.02,2.64,4.0,1.0,9.1,70.0,2.0,19.0,180.0,0.0,0.0,0.0,0.0,2.0,0.0,2.0,1.0,6.0,7.0,1.0,1.0,0.08,0.0,0.0,0.0,1.0,0.08,1.17,1.09,2.0,235133.0
0.0,0.0,-5.0,0.0,0.8,32.0,0.02,0.07,0.05,1.03,161.0,1.0,0.0,0.6,1.2,2024-12-21,90.0,False,13.0,0.0,0.0,0.0,0.0,17.0,0.0,151196.0,1.0,1.0,2.0,4.0,1.0,-6022.0,4570.0,10592.0,44.0,True,1.0,0.0,1.0,0.0969952717423439,90.0,Aston Villa,Manchester City,2.0,1.0,26762.0,2024.0,695013.0,0.0,0.0,0.0,0.0,0.0969952717423439,0.716746985912323,0.6197516918182373,Aston Villa,4.0,4.0,17.0,1.2,DEF,0.0,0.42,0.47,0.05,2.81,3.0,1.0,13.3,68.2,15.0,50.0,180.0,0.0,0.0,0.0,0.0,1.0,0.0,2.0,2.0,5.0,8.0,1.0,2.0,0.11,0.05,0.0,1.0,1.0,0.11,0.92,0.76,3.8,275301.0
0.0,0.0,-4.0,0.0,0.7,32.0,0.01,0.06,0.05,2.49,177.0,2.0,0.0,1.6,9.6,2024-12-26,68.0,False,15.0,0.0,0.0,0.0,0.0,18.0,0.0,148535.0,1.0,0.0,3.0,6.0,0.0,-3291.0,5553.0,8844.0,44.0,False,1.0,0.0,1.0,0.0465724840760231,73.0,Newcastle United,Aston Villa,3.0,0.0,26778.0,2024.0,696222.0,0.0,0.0,0.0,0.0,0.0465724840760231,0.0,0.0,Aston Villa,3.0,4.0,18.0,1.5,DEF,0.0,0.44,0.52,0.08,2.81,3.0,0.0,6.3,12.4,14.0,37.0,180.0,0.0,0.0,0.0,0.0,1.0,0.0,2.0,2.0,4.0,2.0,0.0,2.0,0.13,0.05,0.0,1.0,0.0,0.13,0.79,0.62,3.0,307974.0
0.0,1.0,20.0,0.0,28.5,32.0,0.12,0.16,0.04,0.41,191.0,1.0,0.0,7.0,28.0,2025-01-04,90.0,False,11.0,0.0,0.0,0.0,0.0,20.0,0.0,128644.0,1.0,1.0,2.0,13.0,3.0,104.0,8284.0,8180.0,44.0,True,0.0,0.0,1.0,0.0248193889856338,90.0,Aston Villa,Leicester,2.0,1.0,26793.0,2024.0,697247.0,0.1769399046897888,0.0,2.0,0.0,0.0248193889856338,0.3402788937091827,0.3154594898223877,Aston Villa,2.0,4.0,20.0,1.0,DEF,0.0,0.03,0.13,0.1,3.52,3.0,0.0,2.2,10.8,1.5,10.0,158.0,0.0,0.0,0.0,0.0,2.0,0.0,2.0,1.0,5.0,1.0,0.0,2.0,0.14,0.0,0.0,0.0,0.0,0.14,0.72,0.62,2.7,299731.0
,,,,,,,,,,,,,,,,,,,,,,,,,,,,,,,,,,,,,,,,,,,,,,,,,,,,,,,,,,22.0,,,0.0,0.12,0.16,0.04,0.41,1.0,0.0,7.0,28.0,28.5,13.0,90.0,0.0,0.0,0.0,0.0,0.0,0.0,1.0,1.0,2.0,3.0,0.0,1.0,0.02,0.18,0.0,2.0,0.0,0.02,0.34,0.32,1.0,128644.0
