assists_x,bonus,bps,clean_sheets,creativity,element,expected_assists,expected_goal_involvements,expected_goals,expected_goals_conceded,fixture,goals_conceded,goals_scored,ict_index,influence,date,minutes,opponent_team,own_goals,penalties_missed,penalties_saved,red_cards,round,saves,selected,starts,team_a_score,team_h_score,threat,total_points,transfers_balance,transfers_in,transfers_out,value,was_home,yellow_cards,goals,shots,xG,time,h_team,a_team,h_goals,a_goals,id,season,roster_id,xA,assists_y,key_passes,npg,npxG,xGChain,xGBuildup,player_team,team_h_difficulty,team_a_difficulty,event,xP,position,clean_sheets_1,expected_assists_1,expected_goal_involvements_1,expected_goals_1,expected_goals_conceded_1,goals_conceded_1,goals_scored_1,ict_index_1,influence_1,creativity_1,threat_1,minutes_1,own_goals_1,penalties_missed_1,penalties_saved_1,red_cards_1,yellow_cards_1,saves_1,starts_1,team_a_score_1,team_h_score_1,total_points_1,goals_1,shots_1,xG_1,xA_1,assists_x_1,assists_y_1,key_passes_1,npg_1,npxG_1,xGChain_1,xGBuildup_1,xP_1,clean_sheets_2,expected_assists_2,expected_goal_involvements_2,expected_goals_2,expected_goals_conceded_2,goals_conceded_2,goals_scored_2,ict_index_2,influence_2,creativity_2,threat_2,minutes_2,own_goals_2,penalties_missed_2,penalties_saved_2,red_cards_2,yellow_cards_2,saves_2,starts_2,team_a_score_2,team_h_score_2,total_points_2,goals_2,shots_2,xG_2,xA_2,assists_x_2,assists_y_2,key_passes_2,npg_2,npxG_2,xGChain_2,xGBuildup_2,xP_2,clean_sheets_3,expected_assists_3,expected_goal_involvements_3,expected_goals_3,expected_goals_conceded_3,goals_conceded_3,goals_scored_3,ict_index_3,influence_3,creativity_3,threat_3,minutes_3,own_goals_3,penalties_missed_3,penalties_saved_3,red_cards_3,yellow_cards_3,saves_3,starts_3,team_a_score_3,team_h_score_3,total_points_3,goals_3,shots_3,xG_3,xA_3,assists_x_3,assists_y_3,key_passes_3,npg_3,npxG_3,xGChain_3,xGBuildup_3,xP_3,clean_sheets_4,expected_assists_4,expected_goal_involvements_4,expected_goals_4,expected_goals_conceded_4,goals_conceded_4,goals_scored_4,ict_index_4,influence_4,creativity_4,threat_4,minutes_4,own_goals_4,penalties_missed_4,penalties_saved_4,red_cards_4,yellow_cards_4,saves_4,starts_4,team_a_score_4,team_h_score_4,total_points_4,goals_4,shots_4,xG_4,xA_4,assists_x_4,assists_y_4,key_passes_4,npg_4,npxG_4,xGChain_4,xGBuildup_4,xP_4,clean_sheets_5,expected_assists_5,expected_goal_involvements_5,expected_goals_5,expected_goals_conceded_5,goals_conceded_5,goals_scored_5,ict_index_5,influence_5,creativity_5,threat_5,minutes_5,own_goals_5,penalties_missed_5,penalties_saved_5,red_cards_5,yellow_cards_5,saves_5,starts_5,team_a_score_5,team_h_score_5,total_points_5,goals_5,shots_5,xG_5,xA_5,assists_x_5,assists_y_5,key_passes_5,npg_5,npxG_5,xGChain_5,xGBuildup_5,xP_5
1,0,18,0,23.4,60,0.1,0.33,0.23,3.44,6,5,0,8.5,32.2,2023-08-12,90,15,0,0,0,0,1,0,2116959,1,1,5,29.0,5,0,0,0,8.0,False,0,0,2,0.365252822637558,90,Newcastle United,Aston Villa,5,1,22281,2023,603931,0.1003796756267547,1,2,0,0.365252822637558,0.5727638602256775,0.1071313694119453,Aston Villa,3,4,1,2.1,FWD,,,,,,,,,,,,,,,,,,,,,,,,,,,,,,,,,,,,,,,,,,,,,,,,,,,,,,,,,,,,,,,,,,,,,,,,,,,,,,,,,,,,,,,,,,,,,,,,,,,,,,,,,,,,,,,,,,,,,,,,,,,,,,,,,,,,,,,,,,,,,,,,,,,,,,,,,,,,,,,,,,,,,,,,,,
1,0,11,1,32.4,60,0.05,0.2,0.15,0.64,11,0,0,5.2,7.2,2023-08-20,73,9,0,0,0,0,2,0,2282862,1,0,4,12.0,5,7626,147192,139566,8.0,True,0,0,1,0.4207921028137207,83,Aston Villa,Everton,4,0,22292,2023,605748,0.1324059069156646,0,3,0,0.4207921028137207,0.6950739622116089,0.1418759524822235,Aston Villa,2,4,2,5.0,FWD,0.0,0.1,0.33,0.23,3.44,5.0,0.0,8.5,32.2,23.4,29.0,90.0,0.0,0.0,0.0,0.0,0.0,0.0,1.0,1.0,5.0,5.0,0.0,2.0,0.37,0.1,1.0,1.0,2.0,0.0,0.37,0.57,0.11,2.1,,,,,,,,,,,,,,,,,,,,,,,,,,,,,,,,,,,,,,,,,,,,,,,,,,,,,,,,,,,,,,,,,,,,,,,,,,,,,,,,,,,,,,,,,,,,,,,,,,,,,,,,,,,,,,,,,,,,,,,,,,,,,,,,,,,,,,,,
1,0,8,0,24.8,60,0.01,0.79,0.78,0.39,25,1,0,11.1,20.8,2023-08-27,85,6,0,0,0,0,3,0,2286440,1,3,1,65.0,5,-49457,158524,207981,8.0,False,0,0,5,1.131255865097046,89,Burnley,Aston Villa,1,3,22302,2023,607463,0.9017562866210938,1,2,0,1.131255865097046,2.4567253589630127,0.5676220059394836,Aston Villa,3,2,3,5.5,FWD,1.0,0.05,0.2,0.15,0.64,0.0,0.0,5.2,7.2,32.4,12.0,73.0,0.0,0.0,0.0,0.0,0.0,0.0,1.0,0.0,4.0,5.0,0.0,1.0,0.42,0.13,1.0,0.0,3.0,0.0,0.42,0.7,0.14,5.0,0.5,0.08,0.26,0.19,2.04,2.5,0.0,6.85,19.7,27.9,20.5,81.5,0.0,0.0,0.0,0.0,0.0,0.0,1.0,0.5,4.5,5.0,0.0,1.5,0.39,0.12,1.0,0.5,2.5,0.0,0.39,0.63,0.12,3.55,,,,,,,,,,,,,,,,,,,,,,,,,,,,,,,,,,,,,,,,,,,,,,,,,,,,,,,,,,,,,,,,,,,,,,,,,,,,,,,,,,,,,,,,,,,,,,,,,,,,,,
0,0,2,0,11.8,60,0.02,0.22,0.2,2.35,37,3,0,2.1,0.0,2023-09-03,72,11,0,0,0,0,4,0,2177877,1,0,3,10.0,2,-127619,85482,213101,8.0,False,0,0,2,0.1703733205795288,77,Liverpool,Aston Villa,3,0,21933,2023,609391,0.0776059105992317,0,1,0,0.1703733205795288,0.2931594252586365,0.1272745132446289,Aston Villa,3,5,4,3.7,FWD,0.0,0.01,0.79,0.78,0.39,1.0,0.0,11.1,20.8,24.8,65.0,85.0,0.0,0.0,0.0,0.0,0.0,0.0,1.0,3.0,1.0,5.0,0.0,5.0,1.13,0.9,1.0,1.0,2.0,0.0,1.13,2.46,0.57,5.5,0.5,0.03,0.5,0.46,0.52,0.5,0.0,8.15,14.0,28.6,38.5,79.0,0.0,0.0,0.0,0.0,0.0,0.0,1.0,1.5,2.5,5.0,0.0,3.0,0.78,0.52,1.0,0.5,2.5,0.0,0.78,1.58,0.35,5.25,0.33,0.05,0.44,0.39,1.49,2.0,0.0,8.27,20.07,26.87,35.33,82.67,0.0,0.0,0.0,0.0,0.0,0.0,1.0,1.33,3.33,5.0,0.0,2.67,0.64,0.38,1.0,0.67,2.33,0.0,0.64,1.24,0.27,4.2,,,,,,,,,,,,,,,,,,,,,,,,,,,,,,,,,,,,,,,,,,,,,,,,,,,,,,,,,,,,,,,,,,,,
1,0,9,0,13.4,60,0.04,0.65,0.61,1.17,41,1,0,6.0,0.8,2023-09-16,90,8,0,0,0,0,5,0,2009637,1,1,3,46.0,5,-204656,72099,276755,8.0,True,0,0,4,0.3245986700057983,90,Aston Villa,Crystal Palace,3,1,21938,2023,610472,0.0497714951634407,0,1,0,0.3245986700057983,0.5074809193611145,0.1331107467412948,Aston Villa,2,4,5,4.0,FWD,0.0,0.02,0.22,0.2,2.35,3.0,0.0,2.1,0.0,11.8,10.0,72.0,0.0,0.0,0.0,0.0,0.0,0.0,1.0,0.0,3.0,2.0,0.0,2.0,0.17,0.08,0.0,0.0,1.0,0.0,0.17,0.29,0.13,3.7,0.0,0.02,0.5,0.49,1.37,2.0,0.0,6.6,10.4,18.3,37.5,78.5,0.0,0.0,0.0,0.0,0.0,0.0,1.0,1.5,2.0,3.5,0.0,3.5,0.65,0.49,0.5,0.5,1.5,0.0,0.65,1.37,0.35,4.6,0.33,0.03,0.4,0.38,1.13,1.33,0.0,6.13,9.33,23.0,29.0,76.67,0.0,0.0,0.0,0.0,0.0,0.0,1.0,1.0,2.67,4.0,0.0,2.67,0.57,0.37,0.67,0.33,2.0,0.0,0.57,1.15,0.28,4.73,0.25,0.04,0.38,0.34,1.7,2.25,0.0,6.72,15.05,23.1,29.0,80.0,0.0,0.0,0.0,0.0,0.0,0.0,1.0,1.0,3.25,4.25,0.0,2.5,0.52,0.3,0.75,0.5,2.0,0.0,0.52,1.0,0.24,4.08,,,,,,,,,,,,,,,,,,,,,,,,,,,,,,,,,,
0,3,37,1,15.1,60,0.14,0.34,0.2,1.16,55,0,1,7.9,34.2,2023-09-24,90,7,0,0,0,0,6,0,1719580,1,1,0,30.0,9,-298097,30794,328891,7.9,False,0,1,2,0.1780399829149246,90,Chelsea,Aston Villa,0,1,21947,2023,612759,0.3124411106109619,0,1,1,0.1780399829149246,0.5144497156143188,0.0239686090499162,Aston Villa,3,3,6,5.2,FWD,0.0,0.04,0.65,0.61,1.17,1.0,0.0,6.0,0.8,13.4,46.0,90.0,0.0,0.0,0.0,0.0,0.0,0.0,1.0,1.0,3.0,5.0,0.0,4.0,0.32,0.05,1.0,0.0,1.0,0.0,0.32,0.51,0.13,4.0,0.0,0.03,0.44,0.4,1.76,2.0,0.0,4.05,0.4,12.6,28.0,81.0,0.0,0.0,0.0,0.0,0.0,0.0,1.0,0.5,3.0,3.5,0.0,3.0,0.25,0.06,0.5,0.0,1.0,0.0,0.25,0.4,0.13,3.85,0.0,0.02,0.55,0.53,1.3,1.67,0.0,6.4,7.2,16.67,40.33,82.33,0.0,0.0,0.0,0.0,0.0,0.0,1.0,1.33,2.33,4.0,0.0,3.67,0.54,0.34,0.67,0.33,1.33,0.0,0.54,1.09,0.28,4.4,0.25,0.03,0.46,0.44,1.14,1.25,0.0,6.1,7.2,20.6,33.25,80.0,0.0,0.0,0.0,0.0,0.0,0.0,1.0,1.0,2.75,4.25,0.0,3.0,0.51,0.29,0.75,0.25,1.75,0.0,0.51,0.99,0.24,4.55,0.2,0.04,0.44,0.39,1.6,2.0,0.0,6.58,12.2,21.16,32.4,82.0,0.0,0.0,0.0,0.0,0.0,0.0,1.0,1.0,3.2,4.4,0.0,2.8,0.48,0.25,0.8,0.4,1.8,0.0,0.48,0.91,0.22,4.06
2,3,102,0,53.1,60,0.17,0.98,0.81,1.71,61,1,3,27.4,130.0,2023-09-30,90,5,0,0,0,0,7,0,1810773,1,1,6,91.0,23,70975,165220,94245,7.9,True,0,3,6,1.160372614860535,90,Aston Villa,Brighton,6,1,21955,2023,614298,0.4256710410118103,1,5,3,1.160372614860535,1.5860437154769895,0.1300164610147476,Aston Villa,2,4,7,12.3,FWD,1.0,0.14,0.34,0.2,1.16,0.0,1.0,7.9,34.2,15.1,30.0,90.0,0.0,0.0,0.0,0.0,0.0,0.0,1.0,1.0,0.0,9.0,1.0,2.0,0.18,0.31,0.0,0.0,1.0,1.0,0.18,0.51,0.02,5.2,0.5,0.09,0.5,0.4,1.16,0.5,0.5,6.95,17.5,14.25,38.0,90.0,0.0,0.0,0.0,0.0,0.0,0.0,1.0,1.0,1.5,7.0,0.5,3.0,0.25,0.18,0.5,0.0,1.0,0.5,0.25,0.51,0.08,4.6,0.33,0.07,0.4,0.34,1.56,1.33,0.33,5.33,11.67,13.43,28.67,84.0,0.0,0.0,0.0,0.0,0.0,0.0,1.0,0.67,2.0,5.33,0.33,2.67,0.22,0.15,0.33,0.0,1.0,0.33,0.22,0.44,0.09,4.3,0.25,0.05,0.5,0.45,1.27,1.25,0.25,6.78,13.95,16.27,37.75,84.25,0.0,0.0,0.0,0.0,0.0,0.0,1.0,1.25,1.75,5.25,0.25,3.25,0.45,0.34,0.5,0.25,1.25,0.25,0.45,0.94,0.21,4.6,0.4,0.05,0.44,0.39,1.14,1.0,0.2,6.46,12.6,19.5,32.6,82.0,0.0,0.0,0.0,0.0,0.0,0.0,1.0,1.0,2.2,5.2,0.2,2.8,0.45,0.29,0.6,0.2,1.6,0.2,0.45,0.89,0.2,4.68
1,0,16,0,10.6,60,0.22,0.53,0.31,1.19,80,1,0,6.4,16.2,2023-10-08,90,20,0,0,0,0,8,0,2987250,1,1,1,37.0,5,1068831,1120684,51853,8.1,False,0,0,3,0.2326953709125518,90,Wolverhampton Wanderers,Aston Villa,1,1,21974,2023,617001,0.3998486697673797,1,1,0,0.2326953709125518,0.2326953709125518,0.0,Aston Villa,3,2,8,12.3,FWD,0.0,0.17,0.98,0.81,1.71,1.0,3.0,27.4,130.0,53.1,91.0,90.0,0.0,0.0,0.0,0.0,0.0,0.0,1.0,1.0,6.0,23.0,3.0,6.0,1.16,0.43,2.0,1.0,5.0,3.0,1.16,1.59,0.13,12.3,0.5,0.16,0.66,0.5,1.44,0.5,2.0,17.65,82.1,34.1,60.5,90.0,0.0,0.0,0.0,0.0,0.0,0.0,1.0,1.0,3.0,16.0,2.0,4.0,0.67,0.37,1.0,0.5,3.0,2.0,0.67,1.05,0.08,8.75,0.33,0.12,0.66,0.54,1.35,0.67,1.33,13.77,55.0,27.2,55.67,90.0,0.0,0.0,0.0,0.0,0.0,0.0,1.0,1.0,3.0,12.33,1.33,4.0,0.55,0.26,1.0,0.33,2.33,1.33,0.55,0.87,0.1,7.17,0.25,0.09,0.55,0.45,1.6,1.25,1.0,10.85,41.25,23.35,44.25,85.5,0.0,0.0,0.0,0.0,0.0,0.0,1.0,0.75,3.0,9.75,1.0,3.5,0.46,0.22,0.75,0.25,2.0,1.0,0.46,0.73,0.1,6.3,0.2,0.08,0.6,0.52,1.36,1.2,0.8,10.9,37.16,23.64,48.4,85.4,0.0,0.0,0.0,0.0,0.0,0.0,1.0,1.2,2.6,8.8,0.8,3.8,0.59,0.35,0.8,0.4,2.0,0.8,0.59,1.07,0.2,6.14
1,2,36,0,14.7,60,0.04,0.64,0.6,1.15,81,1,1,12.6,58.6,2023-10-22,90,19,0,0,0,0,9,0,3362516,1,1,4,53.0,11,405748,457204,51456,8.2,True,0,1,4,0.8829790949821472,90,Aston Villa,West Ham,4,1,21976,2023,618975,0.0523354597389698,1,1,1,0.8829790949821472,0.9353145956993104,0.0523354597389698,Aston Villa,2,4,9,13.0,FWD,0.0,0.22,0.53,0.31,1.19,1.0,0.0,6.4,16.2,10.6,37.0,90.0,0.0,0.0,0.0,0.0,0.0,0.0,1.0,1.0,1.0,5.0,0.0,3.0,0.23,0.4,1.0,1.0,1.0,0.0,0.23,0.23,0.0,12.3,0.0,0.2,0.75,0.56,1.45,1.0,1.5,16.9,73.1,31.85,64.0,90.0,0.0,0.0,0.0,0.0,0.0,0.0,1.0,1.0,3.5,14.0,1.5,4.5,0.7,0.41,1.5,1.0,3.0,1.5,0.7,0.91,0.07,12.3,0.33,0.18,0.62,0.44,1.35,0.67,1.33,13.9,60.13,26.27,52.67,90.0,0.0,0.0,0.0,0.0,0.0,0.0,1.0,1.0,2.33,12.33,1.33,3.67,0.52,0.38,1.0,0.67,2.33,1.33,0.52,0.78,0.05,9.93,0.25,0.14,0.62,0.48,1.31,0.75,1.0,11.92,45.3,23.05,51.0,90.0,0.0,0.0,0.0,0.0,0.0,0.0,1.0,1.0,2.5,10.5,1.0,3.75,0.47,0.3,1.0,0.5,2.0,1.0,0.47,0.71,0.07,8.45,0.2,0.12,0.54,0.43,1.52,1.2,0.8,9.96,36.24,20.8,42.8,86.4,0.0,0.0,0.0,0.0,0.0,0.0,1.0,0.8,2.6,8.8,0.8,3.4,0.41,0.25,0.8,0.4,1.8,0.8,0.41,0.63,0.08,7.5
0,0,7,0,21.5,60,0.61,1.4,0.79,0.48,92,1,0,9.0,12.2,2023-10-29,90,12,0,0,0,0,10,0,4255692,1,1,3,56.0,2,852615,872806,20191,8.3,True,0,0,2,1.1947060823440552,90,Aston Villa,Luton,3,1,21987,2023,620450,0.6837684512138367,0,2,0,1.1947060823440552,1.878474473953247,0.0,Aston Villa,2,4,10,6.5,FWD,0.0,0.04,0.64,0.6,1.15,1.0,1.0,12.6,58.6,14.7,53.0,90.0,0.0,0.0,0.0,0.0,0.0,0.0,1.0,1.0,4.0,11.0,1.0,4.0,0.88,0.05,1.0,1.0,1.0,1.0,0.88,0.94,0.05,13.0,0.0,0.13,0.58,0.45,1.17,1.0,0.5,9.5,37.4,12.65,45.0,90.0,0.0,0.0,0.0,0.0,0.0,0.0,1.0,1.0,2.5,8.0,0.5,3.5,0.56,0.23,1.0,1.0,1.0,0.5,0.56,0.58,0.03,12.65,0.0,0.14,0.72,0.57,1.35,1.0,1.33,15.47,68.27,26.13,60.33,90.0,0.0,0.0,0.0,0.0,0.0,0.0,1.0,1.0,3.67,13.0,1.33,4.33,0.76,0.29,1.33,1.0,2.33,1.33,0.76,0.92,0.06,12.53,0.25,0.14,0.62,0.48,1.3,0.75,1.25,13.58,59.75,23.38,52.75,90.0,0.0,0.0,0.0,0.0,0.0,0.0,1.0,1.0,2.75,12.0,1.25,3.75,0.61,0.3,1.0,0.75,2.0,1.25,0.61,0.82,0.05,10.7,0.2,0.12,0.63,0.51,1.28,0.8,1.0,12.06,47.96,21.38,51.4,90.0,0.0,0.0,0.0,0.0,0.0,0.0,1.0,1.0,2.8,10.6,1.0,3.8,0.56,0.25,1.0,0.6,1.8,1.0,0.56,0.76,0.07,9.36
0,0,0,0,6.8,60,0.07,0.37,0.3,0.41,108,2,0,4.5,2.8,2023-11-05,90,16,0,0,0,0,11,0,4316975,1,0,2,35.0,2,74295,196695,122400,8.4,False,0,0,2,0.3440543413162231,90,Nottingham Forest,Aston Villa,2,0,22002,2023,622093,0.0,0,0,0,0.3440543413162231,0.5333505272865295,0.189296156167984,Aston Villa,3,2,11,5.0,FWD,0.0,0.61,1.4,0.79,0.48,1.0,0.0,9.0,12.2,21.5,56.0,90.0,0.0,0.0,0.0,0.0,0.0,0.0,1.0,1.0,3.0,2.0,0.0,2.0,1.19,0.68,0.0,0.0,2.0,0.0,1.19,1.88,0.0,6.5,0.0,0.32,1.02,0.7,0.82,1.0,0.5,10.8,35.4,18.1,54.5,90.0,0.0,0.0,0.0,0.0,0.0,0.0,1.0,1.0,3.5,6.5,0.5,3.0,1.04,0.37,0.5,0.5,1.5,0.5,1.04,1.41,0.03,9.75,0.0,0.29,0.86,0.57,0.94,1.0,0.33,9.33,29.0,15.6,48.67,90.0,0.0,0.0,0.0,0.0,0.0,0.0,1.0,1.0,2.67,6.0,0.33,3.0,0.77,0.38,0.67,0.67,1.33,0.33,0.77,1.02,0.02,10.6,0.0,0.26,0.89,0.63,1.13,1.0,1.0,13.85,54.25,24.98,59.25,90.0,0.0,0.0,0.0,0.0,0.0,0.0,1.0,1.0,3.5,10.25,1.0,3.75,0.87,0.39,1.0,0.75,2.25,1.0,0.87,1.16,0.05,11.02,0.2,0.24,0.78,0.54,1.14,0.8,1.0,12.66,50.24,23.0,53.4,90.0,0.0,0.0,0.0,0.0,0.0,0.0,1.0,1.0,2.8,10.0,1.0,3.4,0.73,0.37,0.8,0.6,2.0,1.0,0.73,1.03,0.04,9.86
0,1,22,0,12.7,60,0.08,1.99,1.91,0.93,112,1,1,9.7,33.4,2023-11-12,90,10,0,0,0,0,12,0,4474116,1,1,3,51.0,6,127064,210592,83528,8.4,True,1,1,3,1.6989550590515137,90,Aston Villa,Fulham,3,1,22007,2023,623906,0.0407624207437038,0,1,1,1.6989550590515137,1.7397174835205078,0.0,Aston Villa,2,4,12,3.3,FWD,0.0,0.07,0.37,0.3,0.41,2.0,0.0,4.5,2.8,6.8,35.0,90.0,0.0,0.0,0.0,0.0,0.0,0.0,1.0,0.0,2.0,2.0,0.0,2.0,0.34,0.0,0.0,0.0,0.0,0.0,0.34,0.53,0.19,5.0,0.0,0.34,0.88,0.55,0.44,1.5,0.0,6.75,7.5,14.15,45.5,90.0,0.0,0.0,0.0,0.0,0.0,0.0,1.0,0.5,2.5,2.0,0.0,2.0,0.77,0.34,0.0,0.0,1.0,0.0,0.77,1.21,0.09,5.75,0.0,0.24,0.8,0.56,0.68,1.33,0.33,8.7,24.53,14.33,48.0,90.0,0.0,0.0,0.0,0.0,0.0,0.0,1.0,0.67,3.0,5.0,0.33,2.67,0.81,0.25,0.33,0.33,1.0,0.33,0.81,1.12,0.08,8.17,0.0,0.24,0.74,0.5,0.81,1.25,0.25,8.12,22.45,13.4,45.25,90.0,0.0,0.0,0.0,0.0,0.0,0.0,1.0,0.75,2.5,5.0,0.25,2.75,0.66,0.28,0.5,0.5,1.0,0.25,0.66,0.89,0.06,9.2,0.0,0.22,0.78,0.56,0.99,1.2,0.8,11.98,43.96,21.34,54.4,90.0,0.0,0.0,0.0,0.0,0.0,0.0,1.0,0.8,3.2,8.6,0.8,3.4,0.76,0.31,0.8,0.6,1.8,0.8,0.76,1.03,0.07,9.82
0,0,21,0,13.3,60,0.08,0.75,0.67,2.29,130,1,1,7.9,30.4,2023-11-26,90,18,0,0,0,0,13,0,4505665,1,2,1,35.0,5,22816,157943,135127,8.5,False,1,1,3,1.1738481521606443,90,Tottenham,Aston Villa,1,2,22024,2023,625573,0.0270979572087526,0,1,1,1.1738481521606443,1.266910433769226,0.1974870860576629,Aston Villa,3,4,13,4.3,FWD,0.0,0.08,1.99,1.91,0.93,1.0,1.0,9.7,33.4,12.7,51.0,90.0,0.0,0.0,0.0,0.0,1.0,0.0,1.0,1.0,3.0,6.0,1.0,3.0,1.7,0.04,0.0,0.0,1.0,1.0,1.7,1.74,0.0,3.3,0.0,0.08,1.18,1.1,0.67,1.5,0.5,7.1,18.1,9.75,43.0,90.0,0.0,0.0,0.0,0.0,0.5,0.0,1.0,0.5,2.5,4.0,0.5,2.5,1.02,0.02,0.0,0.0,0.5,0.5,1.02,1.14,0.09,4.15,0.0,0.25,1.25,1.0,0.61,1.33,0.33,7.73,16.13,13.67,47.33,90.0,0.0,0.0,0.0,0.0,0.33,0.0,1.0,0.67,2.67,3.33,0.33,2.33,1.08,0.24,0.0,0.0,1.0,0.33,1.08,1.38,0.06,4.93,0.0,0.2,1.1,0.9,0.74,1.25,0.5,8.95,26.75,13.92,48.75,90.0,0.0,0.0,0.0,0.0,0.25,0.0,1.0,0.75,3.0,5.25,0.5,2.75,1.03,0.19,0.25,0.25,1.0,0.5,1.03,1.27,0.06,6.95,0.0,0.2,0.99,0.78,0.83,1.2,0.4,8.44,24.64,13.26,46.4,90.0,0.0,0.0,0.0,0.0,0.2,0.0,1.0,0.8,2.6,5.2,0.4,2.8,0.87,0.24,0.4,0.4,1.0,0.4,0.87,1.06,0.05,8.02
1,2,38,0,26.7,60,0.04,0.18,0.14,2.02,132,2,1,11.4,55.4,2023-12-03,90,3,0,0,0,0,14,0,3964939,1,2,2,32.0,11,-535038,87945,622983,8.5,False,0,1,2,0.1337975114583969,90,Bournemouth,Aston Villa,2,2,22025,2023,627169,0.140057623386383,1,2,1,0.1337975114583969,0.1758182644844055,0.0820204243063926,Aston Villa,3,2,14,3.0,FWD,0.0,0.08,0.75,0.67,2.29,1.0,1.0,7.9,30.4,13.3,35.0,90.0,0.0,0.0,0.0,0.0,1.0,0.0,1.0,2.0,1.0,5.0,1.0,3.0,1.17,0.03,0.0,0.0,1.0,1.0,1.17,1.27,0.2,4.3,0.0,0.08,1.37,1.29,1.61,1.0,1.0,8.8,31.9,13.0,43.0,90.0,0.0,0.0,0.0,0.0,1.0,0.0,1.0,1.5,2.0,5.5,1.0,3.0,1.44,0.03,0.0,0.0,1.0,1.0,1.44,1.5,0.1,3.8,0.0,0.08,1.04,0.96,1.21,1.33,0.67,7.37,22.2,10.93,40.33,90.0,0.0,0.0,0.0,0.0,0.67,0.0,1.0,1.0,2.0,4.33,0.67,2.67,1.07,0.02,0.0,0.0,0.67,0.67,1.07,1.18,0.13,4.2,0.0,0.21,1.13,0.92,1.03,1.25,0.5,7.78,19.7,13.58,44.25,90.0,0.0,0.0,0.0,0.0,0.5,0.0,1.0,1.0,2.25,3.75,0.5,2.5,1.1,0.19,0.0,0.0,1.0,0.5,1.1,1.35,0.1,4.78,0.0,0.18,1.03,0.85,1.05,1.2,0.6,8.74,27.48,13.8,46.0,90.0,0.0,0.0,0.0,0.0,0.4,0.0,1.0,1.0,2.6,5.2,0.6,2.8,1.06,0.16,0.2,0.2,1.0,0.6,1.06,1.27,0.09,6.42
0,0,4,1,16.8,60,0.06,0.31,0.25,0.83,141,0,0,6.0,6.8,2023-12-06,89,13,0,0,0,0,15,0,3897974,1,0,1,36.0,1,-81963,84078,166041,8.4,True,1,0,4,0.3147320747375488,90,Aston Villa,Manchester City,1,0,22035,2023,628063,0.0735536888241767,0,1,0,0.3147320747375488,0.3019675016403198,0.0218529608100652,Aston Villa,5,4,15,4.8,FWD,0.0,0.04,0.18,0.14,2.02,2.0,1.0,11.4,55.4,26.7,32.0,90.0,0.0,0.0,0.0,0.0,0.0,0.0,1.0,2.0,2.0,11.0,1.0,2.0,0.13,0.14,1.0,1.0,2.0,1.0,0.13,0.18,0.08,3.0,0.0,0.06,0.46,0.4,2.16,1.5,1.0,9.65,42.9,20.0,33.5,90.0,0.0,0.0,0.0,0.0,0.5,0.0,1.0,2.0,1.5,8.0,1.0,2.5,0.65,0.08,0.5,0.5,1.5,1.0,0.65,0.72,0.14,3.65,0.0,0.07,0.97,0.91,1.75,1.33,1.0,9.67,39.73,17.57,39.33,90.0,0.0,0.0,0.0,0.0,0.67,0.0,1.0,1.67,2.0,7.33,1.0,2.67,1.0,0.07,0.33,0.33,1.33,1.0,1.0,1.06,0.09,3.53,0.0,0.07,0.82,0.75,1.41,1.5,0.75,8.38,30.5,14.88,38.25,90.0,0.0,0.0,0.0,0.0,0.5,0.0,1.0,1.25,2.0,6.0,0.75,2.5,0.84,0.05,0.25,0.25,1.0,0.75,0.84,0.93,0.12,3.9,0.0,0.18,0.94,0.76,1.23,1.4,0.6,8.5,26.84,16.2,41.8,90.0,0.0,0.0,0.0,0.0,0.4,0.0,1.0,1.2,2.2,5.2,0.6,2.4,0.91,0.18,0.2,0.2,1.2,0.6,0.91,1.12,0.09,4.42
0,0,-1,1,1.5,60,0.0,0.17,0.17,1.36,151,0,0,3.2,5.2,2023-12-09,90,1,0,0,0,0,16,0,3977574,1,0,1,25.0,2,68237,135035,66798,8.4,True,0,0,3,0.2061479687690735,90,Aston Villa,Arsenal,1,0,22045,2023,628939,0.0,0,0,0,0.2061479687690735,0.3480247855186462,0.1418768167495727,Aston Villa,5,4,16,4.5,FWD,1.0,0.06,0.31,0.25,0.83,0.0,0.0,6.0,6.8,16.8,36.0,89.0,0.0,0.0,0.0,0.0,1.0,0.0,1.0,0.0,1.0,1.0,0.0,4.0,0.31,0.07,0.0,0.0,1.0,0.0,0.31,0.3,0.02,4.8,0.5,0.05,0.24,0.2,1.42,1.0,0.5,8.7,31.1,21.75,34.0,89.5,0.0,0.0,0.0,0.0,0.5,0.0,1.0,1.0,1.5,6.0,0.5,3.0,0.22,0.11,0.5,0.5,1.5,0.5,0.22,0.24,0.05,3.9,0.33,0.06,0.41,0.35,1.71,1.0,0.67,8.43,30.87,18.93,34.33,89.67,0.0,0.0,0.0,0.0,0.67,0.0,1.0,1.33,1.33,5.67,0.67,3.0,0.54,0.08,0.33,0.33,1.33,0.67,0.54,0.58,0.1,4.03,0.25,0.06,0.81,0.74,1.52,1.0,0.75,8.75,31.5,17.38,38.5,89.75,0.0,0.0,0.0,0.0,0.75,0.0,1.0,1.25,1.75,5.75,0.75,3.0,0.83,0.07,0.25,0.25,1.25,0.75,0.83,0.87,0.08,3.85,0.2,0.07,0.72,0.65,1.3,1.2,0.6,7.9,25.76,15.26,37.8,89.8,0.0,0.0,0.0,0.0,0.6,0.0,1.0,1.0,1.8,5.0,0.6,2.8,0.73,0.06,0.2,0.2,1.0,0.6,0.73,0.8,0.1,4.08
0,3,40,0,23.1,60,0.16,0.44,0.28,0.51,163,1,1,10.8,43.8,2023-12-17,90,4,0,0,0,0,17,0,4580181,1,2,1,41.0,9,547148,597978,50830,8.5,False,0,1,2,0.1171250417828559,90,Brentford,Aston Villa,1,2,22057,2023,630846,0.170901283621788,0,2,1,0.1171250417828559,0.3906747102737427,0.1757586151361465,Aston Villa,3,2,17,5.6,FWD,1.0,0.0,0.17,0.17,1.36,0.0,0.0,3.2,5.2,1.5,25.0,90.0,0.0,0.0,0.0,0.0,0.0,0.0,1.0,0.0,1.0,2.0,0.0,3.0,0.21,0.0,0.0,0.0,0.0,0.0,0.21,0.35,0.14,4.5,1.0,0.03,0.24,0.21,1.1,0.0,0.0,4.6,6.0,9.15,30.5,89.5,0.0,0.0,0.0,0.0,0.5,0.0,1.0,0.0,1.0,1.5,0.0,3.5,0.26,0.04,0.0,0.0,0.5,0.0,0.26,0.32,0.08,4.65,0.67,0.03,0.22,0.19,1.4,0.67,0.33,6.87,22.47,15.0,31.0,89.67,0.0,0.0,0.0,0.0,0.33,0.0,1.0,0.67,1.33,4.67,0.33,3.0,0.22,0.07,0.33,0.33,1.0,0.33,0.22,0.28,0.08,4.1,0.5,0.04,0.35,0.31,1.62,0.75,0.5,7.12,24.45,14.58,32.0,89.75,0.0,0.0,0.0,0.0,0.5,0.0,1.0,1.0,1.25,4.75,0.5,3.0,0.46,0.06,0.25,0.25,1.0,0.5,0.46,0.52,0.11,4.15,0.4,0.05,0.68,0.63,1.49,0.8,0.6,7.64,26.24,14.2,35.8,89.8,0.0,0.0,0.0,0.0,0.6,0.0,1.0,1.0,1.6,5.0,0.6,3.0,0.71,0.06,0.2,0.2,1.0,0.6,0.71,0.77,0.09,3.98
0,0,2,0,12.8,60,0.1,0.28,0.18,0.56,171,1,0,5.3,2.4,2023-12-22,90,17,0,0,0,0,18,0,5460315,1,1,1,38.0,2,826093,836909,10816,8.7,True,0,0,3,0.2240127921104431,90,Aston Villa,Sheffield United,1,1,22065,2023,632467,0.018885625526309,0,1,0,0.2240127921104431,0.093589186668396,0.0,Aston Villa,2,4,18,5.5,FWD,0.0,0.16,0.44,0.28,0.51,1.0,1.0,10.8,43.8,23.1,41.0,90.0,0.0,0.0,0.0,0.0,0.0,0.0,1.0,2.0,1.0,9.0,1.0,2.0,0.12,0.17,0.0,0.0,2.0,1.0,0.12,0.39,0.18,5.6,0.5,0.08,0.31,0.23,0.94,0.5,0.5,7.0,24.5,12.3,33.0,90.0,0.0,0.0,0.0,0.0,0.0,0.0,1.0,1.0,1.0,5.5,0.5,2.5,0.16,0.09,0.0,0.0,1.0,0.5,0.16,0.37,0.16,5.05,0.67,0.07,0.31,0.23,0.9,0.33,0.33,6.67,18.6,13.8,34.0,89.67,0.0,0.0,0.0,0.0,0.33,0.0,1.0,0.67,1.0,4.0,0.33,3.0,0.21,0.08,0.0,0.0,1.0,0.33,0.21,0.35,0.11,4.97,0.5,0.06,0.28,0.21,1.18,0.75,0.5,7.85,27.8,17.03,33.5,89.75,0.0,0.0,0.0,0.0,0.25,0.0,1.0,1.0,1.25,5.75,0.5,2.75,0.19,0.1,0.25,0.25,1.25,0.5,0.19,0.3,0.11,4.47,0.4,0.07,0.37,0.3,1.4,0.8,0.6,7.86,28.32,16.28,33.8,89.8,0.0,0.0,0.0,0.0,0.4,0.0,1.0,1.2,1.2,5.6,0.6,2.8,0.39,0.08,0.2,0.2,1.2,0.6,0.39,0.5,0.12,4.44
0,0,6,0,3.1,60,0.04,0.04,0.0,1.04,188,3,0,1.3,6.2,2023-12-26,90,14,0,0,0,0,19,0,5395906,1,2,3,4.0,2,1452,120719,119267,8.8,False,0,0,0,0.0,90,Manchester United,Aston Villa,3,2,22082,2023,633059,0.0,0,0,0,0.0,0.0,0.0,Aston Villa,3,4,19,4.0,FWD,0.0,0.1,0.28,0.18,0.56,1.0,0.0,5.3,2.4,12.8,38.0,90.0,0.0,0.0,0.0,0.0,0.0,0.0,1.0,1.0,1.0,2.0,0.0,3.0,0.22,0.02,0.0,0.0,1.0,0.0,0.22,0.09,0.0,5.5,0.0,0.13,0.36,0.23,0.54,1.0,0.5,8.05,23.1,17.95,39.5,90.0,0.0,0.0,0.0,0.0,0.0,0.0,1.0,1.5,1.0,5.5,0.5,2.5,0.17,0.09,0.0,0.0,1.5,0.5,0.17,0.24,0.09,5.55,0.33,0.09,0.3,0.21,0.81,0.67,0.33,6.43,17.13,12.47,34.67,90.0,0.0,0.0,0.0,0.0,0.0,0.0,1.0,1.0,1.0,4.33,0.33,2.67,0.18,0.06,0.0,0.0,1.0,0.33,0.18,0.28,0.11,5.2,0.5,0.08,0.3,0.22,0.82,0.5,0.25,6.32,14.55,13.55,35.0,89.75,0.0,0.0,0.0,0.0,0.25,0.0,1.0,0.75,1.0,3.5,0.25,3.0,0.22,0.07,0.0,0.0,1.0,0.25,0.22,0.28,0.08,5.1,0.4,0.07,0.28,0.2,1.06,0.8,0.4,7.34,22.72,16.18,34.4,89.8,0.0,0.0,0.0,0.0,0.2,0.0,1.0,1.0,1.2,5.0,0.4,2.8,0.2,0.08,0.2,0.2,1.2,0.4,0.2,0.26,0.08,4.68
2,0,28,0,34.9,60,0.74,1.05,0.31,0.98,191,2,0,10.7,38.6,2023-12-30,90,6,0,0,0,0,20,0,5606942,1,2,3,33.0,8,185242,267028,81786,8.8,True,0,0,2,0.1800564974546432,90,Aston Villa,Burnley,3,2,22085,2023,633527,0.8425172567367554,2,3,0,0.1800564974546432,1.0357780456542969,0.0132042961195111,Aston Villa,2,4,20,4.5,FWD,0.0,0.04,0.04,0.0,1.04,3.0,0.0,1.3,6.2,3.1,4.0,90.0,0.0,0.0,0.0,0.0,0.0,0.0,1.0,2.0,3.0,2.0,0.0,0.0,0.0,0.0,0.0,0.0,0.0,0.0,0.0,0.0,0.0,4.0,0.0,0.07,0.16,0.09,0.8,2.0,0.0,3.3,4.3,7.95,21.0,90.0,0.0,0.0,0.0,0.0,0.0,0.0,1.0,1.5,2.0,2.0,0.0,1.5,0.11,0.01,0.0,0.0,0.5,0.0,0.11,0.05,0.0,4.75,0.0,0.1,0.25,0.15,0.7,1.67,0.33,5.8,17.47,13.0,27.67,90.0,0.0,0.0,0.0,0.0,0.0,0.0,1.0,1.67,1.67,4.33,0.33,1.67,0.11,0.06,0.0,0.0,1.0,0.33,0.11,0.16,0.06,5.03,0.25,0.07,0.23,0.16,0.87,1.25,0.25,5.15,14.4,10.13,27.0,90.0,0.0,0.0,0.0,0.0,0.0,0.0,1.0,1.25,1.5,3.75,0.25,2.0,0.14,0.05,0.0,0.0,0.75,0.25,0.14,0.21,0.08,4.9,0.4,0.07,0.25,0.18,0.86,1.0,0.2,5.32,12.88,11.46,28.8,89.8,0.0,0.0,0.0,0.0,0.2,0.0,1.0,1.0,1.4,3.2,0.2,2.4,0.17,0.05,0.0,0.0,0.8,0.2,0.17,0.23,0.07,4.88
0,0,-2,1,13.0,60,0.04,0.34,0.3,1.13,207,0,0,5.7,0.0,2024-01-14,90,9,0,0,0,0,21,0,5943275,1,0,0,45.0,1,288340,409924,121584,8.9,False,1,0,6,0.326587826013565,90,Everton,Aston Villa,0,0,22098,2023,635210,0.1043121516704559,0,1,0,0.326587826013565,1.0113455057144165,0.6273935437202454,Aston Villa,3,2,21,3.7,FWD,0.0,0.74,1.05,0.31,0.98,2.0,0.0,10.7,38.6,34.9,33.0,90.0,0.0,0.0,0.0,0.0,0.0,0.0,1.0,2.0,3.0,8.0,0.0,2.0,0.18,0.84,2.0,2.0,3.0,0.0,0.18,1.04,0.01,4.5,0.0,0.39,0.55,0.16,1.01,2.5,0.0,6.0,22.4,19.0,18.5,90.0,0.0,0.0,0.0,0.0,0.0,0.0,1.0,2.0,3.0,5.0,0.0,1.0,0.09,0.42,1.0,1.0,1.5,0.0,0.09,0.52,0.01,4.25,0.0,0.29,0.46,0.16,0.86,2.0,0.0,5.77,15.73,16.93,25.0,90.0,0.0,0.0,0.0,0.0,0.0,0.0,1.0,1.67,2.33,4.0,0.0,1.67,0.13,0.29,0.67,0.67,1.33,0.0,0.13,0.38,0.0,4.67,0.0,0.26,0.45,0.19,0.77,1.75,0.25,7.02,22.75,18.48,29.0,90.0,0.0,0.0,0.0,0.0,0.0,0.0,1.0,1.75,2.0,5.25,0.25,1.75,0.13,0.26,0.5,0.5,1.5,0.25,0.13,0.38,0.05,4.9,0.2,0.21,0.4,0.19,0.89,1.4,0.2,6.26,19.24,15.08,28.2,90.0,0.0,0.0,0.0,0.0,0.0,0.0,1.0,1.4,1.8,4.6,0.2,2.0,0.15,0.21,0.4,0.4,1.2,0.2,0.15,0.37,0.07,4.82
0,1,29,0,18.1,60,0.15,0.71,0.56,2.54,211,3,1,10.7,39.2,2024-01-30,90,15,0,0,0,0,22,0,5743776,1,3,1,50.0,7,-193268,111602,304870,8.9,True,0,1,4,0.5471787452697754,90,Aston Villa,Newcastle United,1,3,22105,2023,637877,0.2881468832492828,0,1,1,0.5471787452697754,0.8463566899299622,0.0110310306772589,Aston Villa,3,4,22,3.5,FWD,1.0,0.04,0.34,0.3,1.13,0.0,0.0,5.7,0.0,13.0,45.0,90.0,0.0,0.0,0.0,0.0,1.0,0.0,1.0,0.0,0.0,1.0,0.0,6.0,0.33,0.1,0.0,0.0,1.0,0.0,0.33,1.01,0.63,3.7,0.5,0.39,0.7,0.3,1.06,1.0,0.0,8.2,19.3,23.95,39.0,90.0,0.0,0.0,0.0,0.0,0.5,0.0,1.0,1.0,1.5,4.5,0.0,4.0,0.25,0.47,1.0,1.0,2.0,0.0,0.25,1.02,0.32,4.1,0.33,0.27,0.48,0.2,1.05,1.67,0.0,5.9,14.93,17.0,27.33,90.0,0.0,0.0,0.0,0.0,0.33,0.0,1.0,1.33,2.0,3.67,0.0,2.67,0.17,0.32,0.67,0.67,1.33,0.0,0.17,0.68,0.21,4.07,0.25,0.23,0.43,0.2,0.93,1.5,0.0,5.75,11.8,15.95,30.0,90.0,0.0,0.0,0.0,0.0,0.25,0.0,1.0,1.25,1.75,3.25,0.0,2.75,0.18,0.24,0.5,0.5,1.25,0.0,0.18,0.54,0.16,4.43,0.2,0.22,0.43,0.21,0.84,1.4,0.2,6.76,18.2,17.38,32.2,90.0,0.0,0.0,0.0,0.0,0.2,0.0,1.0,1.4,1.6,4.4,0.2,2.6,0.17,0.23,0.4,0.4,1.4,0.2,0.17,0.51,0.16,4.66
3,3,53,1,27.8,60,0.17,0.9,0.73,1.26,230,0,1,13.7,73.6,2024-02-03,90,17,0,0,0,0,23,0,5676191,1,5,0,36.0,18,-75345,79295,154640,8.8,False,0,1,3,0.9180476069450378,90,Sheffield United,Aston Villa,0,5,22124,2023,638753,0.5285337567329407,2,2,1,0.9180476069450378,1.4874927997589111,0.0409114025533199,Aston Villa,3,2,23,9.2,FWD,0.0,0.15,0.71,0.56,2.54,3.0,1.0,10.7,39.2,18.1,50.0,90.0,0.0,0.0,0.0,0.0,0.0,0.0,1.0,3.0,1.0,7.0,1.0,4.0,0.55,0.29,0.0,0.0,1.0,1.0,0.55,0.85,0.01,3.5,0.5,0.1,0.52,0.43,1.84,1.5,0.5,8.2,19.6,15.55,47.5,90.0,0.0,0.0,0.0,0.0,0.5,0.0,1.0,1.5,0.5,4.0,0.5,5.0,0.44,0.2,0.0,0.0,1.0,0.5,0.44,0.93,0.32,3.6,0.33,0.31,0.7,0.39,1.55,1.67,0.33,9.03,25.93,22.0,42.67,90.0,0.0,0.0,0.0,0.0,0.33,0.0,1.0,1.67,1.33,5.33,0.33,4.0,0.35,0.41,0.67,0.67,1.67,0.33,0.35,0.96,0.22,3.9,0.25,0.24,0.54,0.29,1.42,2.0,0.25,7.1,21.0,17.27,33.0,90.0,0.0,0.0,0.0,0.0,0.25,0.0,1.0,1.75,1.75,4.5,0.25,3.0,0.26,0.31,0.5,0.5,1.25,0.25,0.26,0.72,0.16,3.92,0.2,0.21,0.48,0.27,1.25,1.8,0.2,6.74,17.28,16.38,34.0,90.0,0.0,0.0,0.0,0.0,0.2,0.0,1.0,1.6,1.6,4.0,0.2,3.0,0.26,0.25,0.4,0.4,1.2,0.2,0.26,0.6,0.13,4.24
0,0,-6,0,14.5,60,0.04,0.81,0.77,1.8,231,2,0,8.8,14.4,2024-02-11,90,14,0,0,0,0,24,0,5623789,1,2,1,59.0,2,-64227,139773,204000,8.8,True,0,0,3,0.8623842597007751,90,Aston Villa,Manchester United,1,2,22125,2023,640935,0.0467819683253765,0,1,0,0.8623842597007751,0.9091662168502808,0.0,Aston Villa,3,4,24,9.0,FWD,1.0,0.17,0.9,0.73,1.26,0.0,1.0,13.7,73.6,27.8,36.0,90.0,0.0,0.0,0.0,0.0,0.0,0.0,1.0,5.0,0.0,18.0,1.0,3.0,0.92,0.53,3.0,2.0,2.0,1.0,0.92,1.49,0.04,9.2,0.5,0.16,0.8,0.64,1.9,1.5,1.0,12.2,56.4,22.95,43.0,90.0,0.0,0.0,0.0,0.0,0.0,0.0,1.0,4.0,0.5,12.5,1.0,3.5,0.73,0.41,1.5,1.0,1.5,1.0,0.73,1.17,0.03,6.35,0.67,0.12,0.65,0.53,1.64,1.0,0.67,10.03,37.6,19.63,43.67,90.0,0.0,0.0,0.0,0.0,0.33,0.0,1.0,2.67,0.33,8.67,0.67,4.33,0.6,0.31,1.0,0.67,1.33,0.67,0.6,1.12,0.23,5.47,0.5,0.27,0.75,0.48,1.48,1.25,0.5,10.2,37.85,23.45,41.0,90.0,0.0,0.0,0.0,0.0,0.25,0.0,1.0,2.5,1.0,8.5,0.5,3.75,0.49,0.44,1.25,1.0,1.75,0.5,0.49,1.1,0.17,5.22,0.4,0.23,0.61,0.38,1.39,1.6,0.4,8.42,31.52,19.38,33.6,90.0,0.0,0.0,0.0,0.0,0.2,0.0,1.0,2.4,1.4,7.2,0.4,3.0,0.39,0.35,1.0,0.8,1.4,0.4,0.39,0.88,0.14,4.98
0,3,59,0,14.8,60,0.25,1.18,0.93,1.4,244,1,2,13.3,70.4,2024-02-17,90,10,0,0,0,0,25,0,4978551,1,2,1,48.0,13,-479038,81725,560763,8.7,False,0,2,5,0.8723471164703369,90,Fulham,Aston Villa,1,2,22138,2023,641788,0.3688158988952636,0,1,2,0.8723471164703369,1.1475831270217896,0.3260124027729034,Aston Villa,3,3,25,10.0,FWD,0.0,0.04,0.81,0.77,1.8,2.0,0.0,8.8,14.4,14.5,59.0,90.0,0.0,0.0,0.0,0.0,0.0,0.0,1.0,2.0,1.0,2.0,0.0,3.0,0.86,0.05,0.0,0.0,1.0,0.0,0.86,0.91,0.0,9.0,0.5,0.11,0.86,0.75,1.53,1.0,0.5,11.25,44.0,21.15,47.5,90.0,0.0,0.0,0.0,0.0,0.0,0.0,1.0,3.5,0.5,10.0,0.5,3.0,0.89,0.29,1.5,1.0,1.5,0.5,0.89,1.2,0.02,9.1,0.33,0.12,0.81,0.69,1.87,1.67,0.67,11.07,42.4,20.13,48.33,90.0,0.0,0.0,0.0,0.0,0.0,0.0,1.0,3.33,0.67,9.0,0.67,3.33,0.78,0.29,1.0,0.67,1.33,0.67,0.78,1.08,0.02,7.23,0.5,0.1,0.69,0.59,1.68,1.25,0.5,9.73,31.8,18.35,47.5,90.0,0.0,0.0,0.0,0.0,0.25,0.0,1.0,2.5,0.5,7.0,0.5,4.0,0.66,0.24,0.75,0.5,1.25,0.5,0.66,1.06,0.17,6.35,0.4,0.23,0.76,0.53,1.54,1.4,0.4,9.92,33.16,21.66,44.6,90.0,0.0,0.0,0.0,0.0,0.2,0.0,1.0,2.4,1.0,7.2,0.4,3.6,0.57,0.36,1.0,0.8,1.6,0.4,0.57,1.06,0.14,5.98
1,0,35,0,12.9,60,0.04,1.44,1.4,2.58,252,2,1,11.3,36.8,2024-02-24,90,16,0,0,0,0,26,0,5797505,1,2,4,63.0,9,484700,523543,38843,8.8,True,0,1,4,1.5927510261535645,90,Aston Villa,Nottingham Forest,4,2,22147,2023,643183,0.0897032395005226,0,1,1,1.5927510261535645,2.161773920059204,0.4793197512626648,Aston Villa,2,4,26,0.0,FWD,0.0,0.25,1.18,0.93,1.4,1.0,2.0,13.3,70.4,14.8,48.0,90.0,0.0,0.0,0.0,0.0,0.0,0.0,1.0,2.0,1.0,13.0,2.0,5.0,0.87,0.37,0.0,0.0,1.0,2.0,0.87,1.15,0.33,10.0,0.0,0.15,1.0,0.85,1.6,1.5,1.0,11.05,42.4,14.65,53.5,90.0,0.0,0.0,0.0,0.0,0.0,0.0,1.0,2.0,1.0,7.5,1.0,4.0,0.87,0.21,0.0,0.0,1.0,1.0,0.87,1.03,0.16,9.5,0.33,0.15,0.96,0.81,1.49,1.0,1.0,11.93,52.8,19.03,47.67,90.0,0.0,0.0,0.0,0.0,0.0,0.0,1.0,3.0,0.67,11.0,1.0,3.67,0.88,0.31,1.0,0.67,1.33,1.0,0.88,1.18,0.12,9.4,0.25,0.15,0.9,0.75,1.75,1.5,1.0,11.62,49.4,18.8,48.25,90.0,0.0,0.0,0.0,0.0,0.0,0.0,1.0,3.0,0.75,10.0,1.0,3.75,0.8,0.31,0.75,0.5,1.25,1.0,0.8,1.1,0.09,7.92,0.4,0.13,0.79,0.66,1.63,1.2,0.8,10.44,39.52,17.64,47.6,90.0,0.0,0.0,0.0,0.0,0.2,0.0,1.0,2.4,0.6,8.2,0.8,4.2,0.71,0.27,0.6,0.4,1.2,0.8,0.71,1.08,0.2,7.08
0,3,47,0,3.3,60,0.02,0.64,0.62,2.28,265,2,2,17.2,72.8,2024-03-02,90,12,0,0,0,0,27,0,5949010,1,3,2,96.0,13,275132,305447,30315,8.9,False,0,2,5,0.693005383014679,90,Luton,Aston Villa,2,3,22159,2023,645168,0.0,0,0,2,0.693005383014679,1.2421398162841797,0.9566558599472046,Aston Villa,3,2,27,10.2,FWD,0.0,0.04,1.44,1.4,2.58,2.0,1.0,11.3,36.8,12.9,63.0,90.0,0.0,0.0,0.0,0.0,0.0,0.0,1.0,2.0,4.0,9.0,1.0,4.0,1.59,0.09,1.0,0.0,1.0,1.0,1.59,2.16,0.48,0.0,0.0,0.15,1.31,1.16,1.99,1.5,1.5,12.3,53.6,13.85,55.5,90.0,0.0,0.0,0.0,0.0,0.0,0.0,1.0,2.0,2.5,11.0,1.5,4.5,1.23,0.23,0.5,0.0,1.0,1.5,1.23,1.65,0.4,5.0,0.0,0.11,1.14,1.03,1.93,1.67,1.0,11.13,40.53,14.07,56.67,90.0,0.0,0.0,0.0,0.0,0.0,0.0,1.0,2.0,2.0,8.0,1.0,4.0,1.11,0.17,0.33,0.0,1.0,1.0,1.11,1.41,0.27,6.33,0.25,0.12,1.08,0.96,1.76,1.25,1.0,11.77,48.8,17.5,51.5,90.0,0.0,0.0,0.0,0.0,0.0,0.0,1.0,2.75,1.5,10.5,1.0,3.75,1.06,0.26,1.0,0.5,1.25,1.0,1.06,1.43,0.21,7.05,0.2,0.13,1.01,0.88,1.92,1.6,1.0,11.56,46.88,17.62,51.2,90.0,0.0,0.0,0.0,0.0,0.0,0.0,1.0,2.8,1.4,9.8,1.0,3.8,0.96,0.26,0.8,0.4,1.2,1.0,0.96,1.31,0.17,6.34
0,0,0,0,12.8,60,0.03,0.15,0.12,1.63,272,4,0,3.3,7.2,2024-03-10,90,18,0,0,0,0,28,0,6034294,1,4,0,13.0,2,78698,165808,87110,9.0,True,0,0,1,0.139100044965744,90,Aston Villa,Tottenham,0,4,22167,2023,647129,0.0789852291345596,0,1,0,0.139100044965744,0.2409807741641998,0.022895511239767,Aston Villa,3,4,28,9.2,FWD,0.0,0.02,0.64,0.62,2.28,2.0,2.0,17.2,72.8,3.3,96.0,90.0,0.0,0.0,0.0,0.0,0.0,0.0,1.0,3.0,2.0,13.0,2.0,5.0,0.69,0.0,0.0,0.0,0.0,2.0,0.69,1.24,0.96,10.2,0.0,0.03,1.04,1.01,2.43,2.0,1.5,14.25,54.8,8.1,79.5,90.0,0.0,0.0,0.0,0.0,0.0,0.0,1.0,2.5,3.0,11.0,1.5,4.5,1.14,0.04,0.5,0.0,0.5,1.5,1.14,1.7,0.72,5.1,0.0,0.1,1.09,0.98,2.09,1.67,1.67,13.93,60.0,10.33,69.0,90.0,0.0,0.0,0.0,0.0,0.0,0.0,1.0,2.33,2.33,11.67,1.67,4.67,1.05,0.15,0.33,0.0,0.67,1.67,1.05,1.52,0.59,6.73,0.0,0.09,1.02,0.93,2.02,1.75,1.25,12.65,48.6,11.38,66.5,90.0,0.0,0.0,0.0,0.0,0.0,0.0,1.0,2.25,2.0,9.25,1.25,4.25,1.01,0.13,0.25,0.0,0.75,1.25,1.01,1.37,0.44,7.3,0.2,0.1,0.99,0.89,1.86,1.4,1.2,12.86,53.6,14.66,60.4,90.0,0.0,0.0,0.0,0.0,0.0,0.0,1.0,2.8,1.6,11.0,1.2,4.0,0.99,0.21,0.8,0.4,1.0,1.2,0.99,1.39,0.36,7.68
0,0,6,0,13.8,60,0.03,0.08,0.05,2.04,289,1,0,4.4,3.8,2024-03-17,90,19,0,0,0,0,29,0,6220589,1,1,1,26.0,2,35015,130174,95159,9.0,False,0,0,2,0.0686307623982429,90,West Ham,Aston Villa,1,1,22183,2023,648763,0.0164212342351675,0,1,0,0.0686307623982429,0.1524274498224258,0.0673754513263702,Aston Villa,3,3,29,5.2,FWD,0.0,0.03,0.15,0.12,1.63,4.0,0.0,3.3,7.2,12.8,13.0,90.0,0.0,0.0,0.0,0.0,0.0,0.0,1.0,4.0,0.0,2.0,0.0,1.0,0.14,0.08,0.0,0.0,1.0,0.0,0.14,0.24,0.02,9.2,0.0,0.03,0.4,0.37,1.96,3.0,1.0,10.25,40.0,8.05,54.5,90.0,0.0,0.0,0.0,0.0,0.0,0.0,1.0,3.5,1.0,7.5,1.0,3.0,0.42,0.04,0.0,0.0,0.5,1.0,0.42,0.74,0.49,9.7,0.0,0.03,0.74,0.71,2.16,2.67,1.0,10.6,38.93,9.67,57.33,90.0,0.0,0.0,0.0,0.0,0.0,0.0,1.0,3.0,2.0,8.0,1.0,3.33,0.81,0.06,0.33,0.0,0.67,1.0,0.81,1.21,0.49,6.47,0.0,0.08,0.85,0.77,1.97,2.25,1.25,11.27,46.8,10.95,55.0,90.0,0.0,0.0,0.0,0.0,0.0,0.0,1.0,2.75,1.75,9.25,1.25,3.75,0.82,0.13,0.25,0.0,0.75,1.25,0.82,1.2,0.45,7.35,0.0,0.08,0.84,0.77,1.94,2.2,1.0,10.78,40.32,11.66,55.8,90.0,0.0,0.0,0.0,0.0,0.0,0.0,1.0,2.6,1.6,7.8,1.0,3.6,0.83,0.12,0.2,0.0,0.8,1.0,0.83,1.14,0.36,7.68
0,0,-3,0,1.8,60,0.01,0.24,0.23,0.96,291,0,0,0.9,0.0,2024-03-30,45,20,0,0,0,0,30,0,5922942,1,0,2,8.0,1,-164821,72333,237154,9.0,True,0,0,1,0.3208831250667572,48,Aston Villa,Wolverhampton Wanderers,2,0,22186,2023,650021,0.0,0,0,0,0.3208831250667572,0.3208831250667572,0.3208831250667572,Aston Villa,2,4,30,5.0,FWD,0.0,0.03,0.08,0.05,2.04,1.0,0.0,4.4,3.8,13.8,26.0,90.0,0.0,0.0,0.0,0.0,0.0,0.0,1.0,1.0,1.0,2.0,0.0,2.0,0.07,0.02,0.0,0.0,1.0,0.0,0.07,0.15,0.07,5.2,0.0,0.03,0.12,0.08,1.84,2.5,0.0,3.85,5.5,13.3,19.5,90.0,0.0,0.0,0.0,0.0,0.0,0.0,1.0,2.5,0.5,2.0,0.0,1.5,0.1,0.05,0.0,0.0,1.0,0.0,0.1,0.2,0.05,7.2,0.0,0.03,0.29,0.26,1.98,2.33,0.67,8.3,27.93,9.97,45.0,90.0,0.0,0.0,0.0,0.0,0.0,0.0,1.0,2.67,1.0,5.67,0.67,2.67,0.3,0.03,0.0,0.0,0.67,0.67,0.3,0.55,0.35,8.2,0.0,0.03,0.58,0.55,2.13,2.25,0.75,9.05,30.15,10.7,49.5,90.0,0.0,0.0,0.0,0.0,0.0,0.0,1.0,2.5,1.75,6.5,0.75,3.0,0.62,0.05,0.25,0.0,0.75,0.75,0.62,0.95,0.38,6.15,0.0,0.07,0.7,0.62,1.99,2.0,1.0,9.9,38.2,11.52,49.2,90.0,0.0,0.0,0.0,0.0,0.0,0.0,1.0,2.4,1.6,7.8,1.0,3.4,0.67,0.11,0.2,0.0,0.8,1.0,0.67,0.99,0.37,6.92
0,3,54,0,2.8,60,0.02,0.48,0.46,1.56,311,3,2,12.4,67.2,2024-04-06,90,4,0,0,0,0,32,0,3899922,1,3,3,54.0,13,-695472,15262,710734,8.8,True,0,2,2,0.4979851543903351,90,Aston Villa,Brentford,3,3,22205,2023,651689,0.0,0,0,2,0.4979851543903351,0.4979851543903351,0.0,Aston Villa,2,4,32,3.1,FWD,0.0,0.01,0.24,0.23,0.96,0.0,0.0,0.9,0.0,1.8,8.0,45.0,0.0,0.0,0.0,0.0,0.0,0.0,1.0,0.0,2.0,1.0,0.0,1.0,0.32,0.0,0.0,0.0,0.0,0.0,0.32,0.32,0.32,5.0,0.0,0.02,0.16,0.14,1.5,0.5,0.0,2.65,1.9,7.8,17.0,67.5,0.0,0.0,0.0,0.0,0.0,0.0,1.0,0.5,1.5,1.5,0.0,1.5,0.19,0.01,0.0,0.0,0.5,0.0,0.19,0.24,0.19,5.1,0.0,0.02,0.16,0.13,1.54,1.67,0.0,2.87,3.67,9.47,15.67,75.0,0.0,0.0,0.0,0.0,0.0,0.0,1.0,1.67,1.0,1.67,0.0,1.33,0.18,0.03,0.0,0.0,0.67,0.0,0.18,0.24,0.14,6.47,0.0,0.02,0.28,0.26,1.73,1.75,0.5,6.45,20.95,7.93,35.75,78.75,0.0,0.0,0.0,0.0,0.0,0.0,1.0,2.0,1.25,4.5,0.5,2.25,0.31,0.02,0.0,0.0,0.5,0.5,0.31,0.49,0.34,7.4,0.0,0.03,0.51,0.48,1.9,1.8,0.6,7.42,24.12,8.92,41.2,81.0,0.0,0.0,0.0,0.0,0.0,0.0,1.0,2.0,1.8,5.4,0.6,2.6,0.56,0.04,0.2,0.0,0.6,0.6,0.56,0.82,0.37,5.92
0,1,27,1,21.4,60,0.01,0.42,0.41,1.62,321,0,1,8.6,36.2,2024-04-14,90,1,0,0,0,0,33,0,3971049,1,2,0,28.0,7,57041,154802,97761,8.8,False,0,1,4,0.50828617811203,90,Arsenal,Aston Villa,0,2,22216,2023,654052,0.117929570376873,0,2,1,0.50828617811203,0.6262157559394836,0.0,Aston Villa,3,5,33,4.1,FWD,0.0,0.02,0.48,0.46,1.56,3.0,2.0,12.4,67.2,2.8,54.0,90.0,0.0,0.0,0.0,0.0,0.0,0.0,1.0,3.0,3.0,13.0,2.0,2.0,0.5,0.0,0.0,0.0,0.0,2.0,0.5,0.5,0.0,3.1,0.0,0.02,0.36,0.34,1.26,1.5,1.0,6.65,33.6,2.3,31.0,67.5,0.0,0.0,0.0,0.0,0.0,0.0,1.0,1.5,2.5,7.0,1.0,1.5,0.41,0.0,0.0,0.0,0.0,1.0,0.41,0.41,0.16,4.05,0.0,0.02,0.27,0.25,1.52,1.33,0.67,5.9,23.67,6.13,29.33,75.0,0.0,0.0,0.0,0.0,0.0,0.0,1.0,1.33,2.0,5.33,0.67,1.67,0.3,0.01,0.0,0.0,0.33,0.67,0.3,0.32,0.13,4.43,0.0,0.02,0.24,0.22,1.55,2.0,0.5,5.25,19.55,7.8,25.25,78.75,0.0,0.0,0.0,0.0,0.0,0.0,1.0,2.0,1.5,4.5,0.5,1.5,0.26,0.02,0.0,0.0,0.5,0.5,0.26,0.3,0.1,5.62,0.0,0.02,0.32,0.3,1.69,2.0,0.8,7.64,30.2,6.9,39.4,81.0,0.0,0.0,0.0,0.0,0.0,0.0,1.0,2.2,1.6,6.2,0.8,2.2,0.34,0.02,0.0,0.0,0.4,0.8,0.34,0.49,0.27,6.54
2,1,28,0,29.7,60,0.34,0.57,0.23,1.69,331,1,0,12.0,38.8,2024-04-21,90,3,0,0,0,0,34,0,4172804,1,1,3,51.0,9,186239,251855,65616,8.9,True,0,0,4,0.5201835036277771,90,Aston Villa,Bournemouth,3,1,22225,2023,655481,1.5093237161636353,2,2,0,0.5201835036277771,2.1065673828125,0.9423322677612304,Aston Villa,2,4,34,6.5,FWD,1.0,0.01,0.42,0.41,1.62,0.0,1.0,8.6,36.2,21.4,28.0,90.0,0.0,0.0,0.0,0.0,0.0,0.0,1.0,2.0,0.0,7.0,1.0,4.0,0.51,0.12,0.0,0.0,2.0,1.0,0.51,0.63,0.0,4.1,0.5,0.02,0.45,0.44,1.59,1.5,1.5,10.5,51.7,12.1,41.0,90.0,0.0,0.0,0.0,0.0,0.0,0.0,1.0,2.5,1.5,10.0,1.5,3.0,0.5,0.06,0.0,0.0,1.0,1.5,0.5,0.56,0.0,3.6,0.33,0.01,0.38,0.37,1.38,1.0,1.0,7.3,34.47,8.67,30.0,75.0,0.0,0.0,0.0,0.0,0.0,0.0,1.0,1.67,1.67,7.0,1.0,2.33,0.44,0.04,0.0,0.0,0.67,1.0,0.44,0.48,0.11,4.07,0.25,0.02,0.3,0.29,1.55,1.0,0.75,6.57,26.8,9.95,29.0,78.75,0.0,0.0,0.0,0.0,0.0,0.0,1.0,1.5,1.5,5.75,0.75,2.25,0.35,0.03,0.0,0.0,0.75,0.75,0.35,0.4,0.1,4.35,0.2,0.02,0.27,0.25,1.56,1.6,0.6,5.92,22.88,10.52,25.8,81.0,0.0,0.0,0.0,0.0,0.0,0.0,1.0,2.0,1.2,5.0,0.6,2.0,0.31,0.04,0.0,0.0,0.8,0.6,0.31,0.37,0.08,5.32
0,0,3,0,0.4,60,0.02,0.27,0.25,1.37,341,2,0,4.9,5.0,2024-04-27,90,7,0,0,0,0,35,0,4442055,1,2,2,44.0,2,262972,337083,74111,9.0,True,0,0,3,0.2465727776288986,90,Aston Villa,Chelsea,2,2,22236,2023,657253,0.0,0,0,0,0.2465727776288986,0.2465727776288986,0.0,Aston Villa,3,4,35,6.7,FWD,0.0,0.34,0.57,0.23,1.69,1.0,0.0,12.0,38.8,29.7,51.0,90.0,0.0,0.0,0.0,0.0,0.0,0.0,1.0,1.0,3.0,9.0,0.0,4.0,0.52,1.51,2.0,2.0,2.0,0.0,0.52,2.11,0.94,6.5,0.5,0.18,0.5,0.32,1.66,0.5,0.5,10.3,37.5,25.55,39.5,90.0,0.0,0.0,0.0,0.0,0.0,0.0,1.0,1.5,1.5,8.0,0.5,4.0,0.51,0.81,1.0,1.0,2.0,0.5,0.51,1.37,0.47,5.3,0.33,0.12,0.49,0.37,1.62,1.33,1.0,11.0,47.4,17.97,44.33,90.0,0.0,0.0,0.0,0.0,0.0,0.0,1.0,2.0,2.0,9.67,1.0,3.33,0.51,0.54,0.67,0.67,1.33,1.0,0.51,1.08,0.31,4.57,0.25,0.09,0.43,0.33,1.46,1.0,0.75,8.48,35.55,13.92,35.25,78.75,0.0,0.0,0.0,0.0,0.0,0.0,1.0,1.5,2.0,7.5,0.75,2.75,0.46,0.41,0.5,0.5,1.0,0.75,0.46,0.89,0.32,4.68,0.2,0.08,0.36,0.28,1.57,1.0,0.6,7.66,29.2,13.9,33.4,81.0,0.0,0.0,0.0,0.0,0.0,0.0,1.0,1.4,1.8,6.4,0.6,2.6,0.38,0.33,0.4,0.4,1.0,0.6,0.38,0.74,0.27,4.78
0,0,5,0,4.4,60,0.01,0.01,0.0,2.69,353,1,0,1.4,3.6,2024-05-05,90,5,0,0,0,0,36,0,4482804,1,0,1,6.0,2,37315,125845,88530,9.0,False,0,0,0,0.0,90,Brighton,Aston Villa,1,0,22247,2023,659412,0.0,0,0,0,0.0,0.0,0.0,Aston Villa,3,3,36,5.5,FWD,0.0,0.02,0.27,0.25,1.37,2.0,0.0,4.9,5.0,0.4,44.0,90.0,0.0,0.0,0.0,0.0,0.0,0.0,1.0,2.0,2.0,2.0,0.0,3.0,0.25,0.0,0.0,0.0,0.0,0.0,0.25,0.25,0.0,6.7,0.0,0.18,0.42,0.24,1.53,1.5,0.0,8.45,21.9,15.05,47.5,90.0,0.0,0.0,0.0,0.0,0.0,0.0,1.0,1.5,2.5,5.5,0.0,3.5,0.38,0.75,1.0,1.0,1.0,0.0,0.38,1.18,0.47,6.6,0.33,0.12,0.42,0.3,1.56,1.0,0.33,8.5,26.67,17.17,41.0,90.0,0.0,0.0,0.0,0.0,0.0,0.0,1.0,1.67,1.67,6.0,0.33,3.67,0.43,0.54,0.67,0.67,1.33,0.33,0.43,0.99,0.31,5.77,0.25,0.1,0.43,0.34,1.56,1.5,0.75,9.48,36.8,13.58,44.25,90.0,0.0,0.0,0.0,0.0,0.0,0.0,1.0,2.0,2.0,7.75,0.75,3.25,0.44,0.41,0.5,0.5,1.0,0.75,0.44,0.87,0.24,5.1,0.2,0.08,0.4,0.32,1.44,1.2,0.6,7.76,29.44,11.22,37.0,81.0,0.0,0.0,0.0,0.0,0.0,0.0,1.0,1.6,2.0,6.4,0.6,2.8,0.42,0.33,0.4,0.4,0.8,0.6,0.42,0.76,0.25,5.08
1,0,10,0,23.9,60,0.07,0.61,0.54,1.73,361,3,0,6.3,18.4,2024-05-13,90,11,0,0,0,0,37,0,3821769,1,3,3,21.0,5,-609737,25857,635594,8.9,True,0,0,2,0.5268839001655579,90,Aston Villa,Liverpool,3,3,22256,2023,661848,0.1470310240983963,1,2,0,0.5268839001655579,0.673914909362793,0.0,Aston Villa,4,4,37,4.5,FWD,0.0,0.01,0.01,0.0,2.69,1.0,0.0,1.4,3.6,4.4,6.0,90.0,0.0,0.0,0.0,0.0,0.0,0.0,1.0,0.0,1.0,2.0,0.0,0.0,0.0,0.0,0.0,0.0,0.0,0.0,0.0,0.0,0.0,5.5,0.0,0.02,0.14,0.12,2.03,1.5,0.0,3.15,4.3,2.4,25.0,90.0,0.0,0.0,0.0,0.0,0.0,0.0,1.0,1.0,1.5,2.0,0.0,1.5,0.12,0.0,0.0,0.0,0.0,0.0,0.12,0.12,0.0,6.1,0.0,0.12,0.28,0.16,1.92,1.33,0.0,6.1,15.8,11.5,33.67,90.0,0.0,0.0,0.0,0.0,0.0,0.0,1.0,1.0,2.0,4.33,0.0,2.33,0.26,0.5,0.67,0.67,0.67,0.0,0.26,0.78,0.31,6.23,0.25,0.09,0.32,0.22,1.84,1.0,0.25,6.72,20.9,13.98,32.25,90.0,0.0,0.0,0.0,0.0,0.0,0.0,1.0,1.25,1.5,5.0,0.25,2.75,0.32,0.41,0.5,0.5,1.0,0.25,0.32,0.74,0.24,5.7,0.2,0.08,0.35,0.27,1.79,1.4,0.6,7.86,30.16,11.74,36.6,90.0,0.0,0.0,0.0,0.0,0.0,0.0,1.0,1.6,1.8,6.6,0.6,2.6,0.35,0.33,0.4,0.4,0.8,0.6,0.35,0.7,0.19,5.18
0,0,1,0,0.6,60,0.0,0.25,0.25,2.16,376,4,0,0.9,0.0,2024-05-19,68,8,0,0,0,0,38,0,3912294,1,0,5,13.0,2,26561,101302,74741,8.9,False,0,0,2,0.1699755936861038,73,Crystal Palace,Aston Villa,5,0,22270,2023,663106,0.0,0,0,0,0.1699755936861038,0.0,0.0,Aston Villa,3,2,38,3.3,FWD,0.0,0.07,0.61,0.54,1.73,3.0,0.0,6.3,18.4,23.9,21.0,90.0,0.0,0.0,0.0,0.0,0.0,0.0,1.0,3.0,3.0,5.0,0.0,2.0,0.53,0.15,1.0,1.0,2.0,0.0,0.53,0.67,0.0,4.5,0.0,0.04,0.31,0.27,2.21,2.0,0.0,3.85,11.0,14.15,13.5,90.0,0.0,0.0,0.0,0.0,0.0,0.0,1.0,1.5,2.0,3.5,0.0,1.0,0.26,0.07,0.5,0.5,1.0,0.0,0.26,0.34,0.0,5.0,0.0,0.03,0.3,0.26,1.93,2.0,0.0,4.2,9.0,9.57,23.67,90.0,0.0,0.0,0.0,0.0,0.0,0.0,1.0,1.67,2.0,3.0,0.0,1.67,0.26,0.05,0.33,0.33,0.67,0.0,0.26,0.31,0.0,5.57,0.0,0.11,0.36,0.26,1.87,1.75,0.0,6.15,16.45,14.6,30.5,90.0,0.0,0.0,0.0,0.0,0.0,0.0,1.0,1.5,2.25,4.5,0.0,2.25,0.32,0.41,0.75,0.75,1.0,0.0,0.32,0.76,0.24,5.8,0.2,0.09,0.38,0.29,1.82,1.4,0.2,6.64,20.4,15.96,30.0,90.0,0.0,0.0,0.0,0.0,0.0,0.0,1.0,1.6,1.8,5.0,0.2,2.6,0.36,0.35,0.6,0.6,1.2,0.2,0.36,0.73,0.19,5.46
