assists_x,bonus,bps,clean_sheets,creativity,element,expected_assists,expected_goal_involvements,expected_goals,expected_goals_conceded,fixture,goals_conceded,goals_scored,ict_index,influence,date,minutes,mng_clean_sheets,mng_draw,mng_goals_scored,mng_loss,mng_underdog_draw,mng_underdog_win,mng_win,modified,opponent_team,own_goals,penalties_missed,penalties_saved,red_cards,round,saves,selected,starts,team_a_score,team_h_score,threat,total_points,transfers_balance,transfers_in,transfers_out,value,was_home,yellow_cards,fpl_id,goals,shots,xG,time,h_team,a_team,h_goals,a_goals,id,season,roster_id,xA,assists_y,key_passes,npg,npxG,xGChain,xGBuildup,understat_id,player_team,team_h_difficulty,team_a_difficulty,event,xP,position,clean_sheets_1,expected_assists_1,expected_goal_involvements_1,expected_goals_1,expected_goals_conceded_1,goals_conceded_1,goals_scored_1,ict_index_1,influence_1,creativity_1,threat_1,minutes_1,own_goals_1,penalties_missed_1,penalties_saved_1,red_cards_1,yellow_cards_1,saves_1,starts_1,team_a_score_1,team_h_score_1,total_points_1,goals_1,shots_1,xG_1,xA_1,assists_x_1,assists_y_1,key_passes_1,npg_1,npxG_1,xGChain_1,xGBuildup_1,xP_1,clean_sheets_2,expected_assists_2,expected_goal_involvements_2,expected_goals_2,expected_goals_conceded_2,goals_conceded_2,goals_scored_2,ict_index_2,influence_2,creativity_2,threat_2,minutes_2,own_goals_2,penalties_missed_2,penalties_saved_2,red_cards_2,yellow_cards_2,saves_2,starts_2,team_a_score_2,team_h_score_2,total_points_2,goals_2,shots_2,xG_2,xA_2,assists_x_2,assists_y_2,key_passes_2,npg_2,npxG_2,xGChain_2,xGBuildup_2,xP_2,clean_sheets_3,expected_assists_3,expected_goal_involvements_3,expected_goals_3,expected_goals_conceded_3,goals_conceded_3,goals_scored_3,ict_index_3,influence_3,creativity_3,threat_3,minutes_3,own_goals_3,penalties_missed_3,penalties_saved_3,red_cards_3,yellow_cards_3,saves_3,starts_3,team_a_score_3,team_h_score_3,total_points_3,goals_3,shots_3,xG_3,xA_3,assists_x_3,assists_y_3,key_passes_3,npg_3,npxG_3,xGChain_3,xGBuildup_3,xP_3,clean_sheets_4,expected_assists_4,expected_goal_involvements_4,expected_goals_4,expected_goals_conceded_4,goals_conceded_4,goals_scored_4,ict_index_4,influence_4,creativity_4,threat_4,minutes_4,own_goals_4,penalties_missed_4,penalties_saved_4,red_cards_4,yellow_cards_4,saves_4,starts_4,team_a_score_4,team_h_score_4,total_points_4,goals_4,shots_4,xG_4,xA_4,assists_x_4,assists_y_4,key_passes_4,npg_4,npxG_4,xGChain_4,xGBuildup_4,xP_4,clean_sheets_5,expected_assists_5,expected_goal_involvements_5,expected_goals_5,expected_goals_conceded_5,goals_conceded_5,goals_scored_5,ict_index_5,influence_5,creativity_5,threat_5,minutes_5,own_goals_5,penalties_missed_5,penalties_saved_5,red_cards_5,yellow_cards_5,saves_5,starts_5,team_a_score_5,team_h_score_5,total_points_5,goals_5,shots_5,xG_5,xA_5,assists_x_5,assists_y_5,key_passes_5,npg_5,npxG_5,xGChain_5,xGBuildup_5,xP_5,ownership_change,percenatge_net_transfers
0.0,0.0,-8.0,0.0,0.3,415.0,0.0,0.04,0.04,0.2,5.0,0.0,0.0,0.1,0.0,2024-08-17,27.0,0.0,0.0,0.0,0.0,0.0,0.0,0.0,False,17.0,0.0,0.0,0.0,1.0,1.0,0.0,198369.0,1.0,0.0,1.0,5.0,-2.0,0.0,0.0,0.0,5.5,True,0.0,415.0,0.0,1.0,0.0368984937667846,27.0,Newcastle United,Southampton,1.0,0.0,26606.0,2024.0,666357.0,0.0,0.0,0.0,0.0,0.0368984937667846,0.0,0.0,76.0,Newcastle United,1.0,4.0,1.0,2.8,DEF,,,,,,,,,,,,,,,,,,,,,,,,,,,,,,,,,,,,,,,,,,,,,,,,,,,,,,,,,,,,,,,,,,,,,,,,,,,,,,,,,,,,,,,,,,,,,,,,,,,,,,,,,,,,,,,,,,,,,,,,,,,,,,,,,,,,,,,,,,,,,,,,,,,,,,,,,,,,,,,,,,,,,,,,,,,0.0,0.0
0.0,0.0,24.0,0.0,1.3,415.0,0.01,0.11,0.1,0.99,40.0,1.0,1.0,5.8,46.8,2024-09-15,90.0,0.0,0.0,0.0,0.0,0.0,0.0,0.0,False,20.0,0.0,0.0,0.0,0.0,4.0,0.0,93539.0,1.0,2.0,1.0,10.0,8.0,-3766.0,7806.0,11572.0,5.4,False,0.0,415.0,1.0,2.0,0.0608598627150058,90.0,Wolverhampton Wanderers,Newcastle United,1.0,2.0,26641.0,2024.0,674628.0,0.0,0.0,0.0,1.0,0.0608598627150058,0.4509510993957519,0.4327243268489837,76.0,Newcastle United,4.0,3.0,4.0,2.0,DEF,0.0,0.0,0.04,0.04,0.2,0.0,0.0,0.1,0.0,0.3,5.0,27.0,0.0,0.0,0.0,1.0,0.0,0.0,1.0,0.0,1.0,-2.0,0.0,1.0,0.04,0.0,0.0,0.0,0.0,0.0,0.04,0.0,0.0,2.8,,,,,,,,,,,,,,,,,,,,,,,,,,,,,,,,,,,,,,,,,,,,,,,,,,,,,,,,,,,,,,,,,,,,,,,,,,,,,,,,,,,,,,,,,,,,,,,,,,,,,,,,,,,,,,,,,,,,,,,,,,,,,,,,,,,,,,,,,-104830.0,-0.19434410155846837
0.0,0.0,5.0,0.0,7.7,415.0,0.2,0.6,0.4,2.29,44.0,3.0,0.0,3.2,12.6,2024-09-21,90.0,0.0,0.0,0.0,0.0,0.0,0.0,0.0,False,9.0,0.0,0.0,0.0,0.0,5.0,0.0,121229.0,1.0,1.0,3.0,12.0,1.0,21194.0,25514.0,4320.0,5.4,False,0.0,415.0,0.0,2.0,0.0667714923620224,90.0,Fulham,Newcastle United,3.0,1.0,26646.0,2024.0,675731.0,0.0,0.0,0.0,0.0,0.0667714923620224,0.1786822825670242,0.1227369382977485,76.0,Newcastle United,4.0,3.0,5.0,2.7,DEF,0.0,0.01,0.11,0.1,0.99,1.0,1.0,5.8,46.8,1.3,10.0,90.0,0.0,0.0,0.0,0.0,0.0,0.0,1.0,2.0,1.0,8.0,1.0,2.0,0.06,0.0,0.0,0.0,0.0,1.0,0.06,0.45,0.43,2.0,0.0,0.0,0.08,0.07,0.6,0.5,0.5,2.95,23.4,0.8,7.5,58.5,0.0,0.0,0.0,0.5,0.0,0.0,1.0,1.0,1.0,3.0,0.5,1.5,0.05,0.0,0.0,0.0,0.0,0.5,0.05,0.23,0.22,2.4,,,,,,,,,,,,,,,,,,,,,,,,,,,,,,,,,,,,,,,,,,,,,,,,,,,,,,,,,,,,,,,,,,,,,,,,,,,,,,,,,,,,,,,,,,,,,,,,,,,,,,,27690.0,0.710397533016022
0.0,0.0,3.0,0.0,0.9,415.0,0.04,0.12,0.08,0.91,58.0,1.0,0.0,2.1,14.4,2024-09-28,90.0,0.0,0.0,0.0,0.0,0.0,0.0,0.0,False,13.0,0.0,0.0,0.0,0.0,6.0,0.0,108569.0,1.0,1.0,1.0,6.0,1.0,-12231.0,4965.0,17196.0,5.4,True,1.0,415.0,0.0,1.0,0.0694485679268837,90.0,Newcastle United,Manchester City,1.0,1.0,26652.0,2024.0,677434.0,0.0,0.0,0.0,0.0,0.0694485679268837,0.1723602563142776,0.1029116958379745,76.0,Newcastle United,4.0,4.0,6.0,2.0,DEF,0.0,0.2,0.6,0.4,2.29,3.0,0.0,3.2,12.6,7.7,12.0,90.0,0.0,0.0,0.0,0.0,0.0,0.0,1.0,1.0,3.0,1.0,0.0,2.0,0.07,0.0,0.0,0.0,0.0,0.0,0.07,0.18,0.12,2.7,0.0,0.11,0.36,0.25,1.64,2.0,0.5,4.5,29.7,4.5,11.0,90.0,0.0,0.0,0.0,0.0,0.0,0.0,1.0,1.5,2.0,4.5,0.5,2.0,0.06,0.0,0.0,0.0,0.0,0.5,0.06,0.31,0.28,2.35,0.0,0.07,0.25,0.18,1.16,1.33,0.33,3.03,19.8,3.1,9.0,69.0,0.0,0.0,0.0,0.33,0.0,0.0,1.0,1.0,1.67,2.33,0.33,1.67,0.05,0.0,0.0,0.0,0.0,0.33,0.05,0.21,0.19,2.5,,,,,,,,,,,,,,,,,,,,,,,,,,,,,,,,,,,,,,,,,,,,,,,,,,,,,,,,,,,,,,,,,,,,,-12660.0,-0.5519155272776499
0.0,0.0,18.0,1.0,1.0,415.0,0.01,0.01,0.0,0.67,67.0,0.0,0.0,1.2,10.8,2024-10-05,90.0,0.0,0.0,0.0,0.0,0.0,0.0,0.0,False,8.0,0.0,0.0,0.0,0.0,7.0,0.0,102124.0,1.0,0.0,0.0,0.0,5.0,-8173.0,4936.0,13109.0,5.4,False,1.0,415.0,0.0,0.0,0.0,90.0,Everton,Newcastle United,0.0,0.0,26669.0,2024.0,679743.0,0.0,0.0,0.0,0.0,0.0,0.5098491907119751,0.5098491907119751,76.0,Newcastle United,4.0,3.0,7.0,3.2,DEF,0.0,0.04,0.12,0.08,0.91,1.0,0.0,2.1,14.4,0.9,6.0,90.0,0.0,0.0,0.0,0.0,1.0,0.0,1.0,1.0,1.0,1.0,0.0,1.0,0.07,0.0,0.0,0.0,0.0,0.0,0.07,0.17,0.1,2.0,0.0,0.12,0.36,0.24,1.6,2.0,0.0,2.65,13.5,4.3,9.0,90.0,0.0,0.0,0.0,0.0,0.5,0.0,1.0,1.0,2.0,1.0,0.0,1.5,0.07,0.0,0.0,0.0,0.0,0.0,0.07,0.18,0.11,2.35,0.0,0.08,0.28,0.19,1.4,1.67,0.33,3.7,24.6,3.3,9.33,90.0,0.0,0.0,0.0,0.0,0.33,0.0,1.0,1.33,1.67,3.33,0.33,1.67,0.07,0.0,0.0,0.0,0.0,0.33,0.07,0.27,0.22,2.23,0.0,0.06,0.22,0.16,1.1,1.25,0.25,2.8,18.45,2.55,8.25,74.25,0.0,0.0,0.0,0.25,0.25,0.0,1.0,1.0,1.5,2.0,0.25,1.5,0.06,0.0,0.0,0.0,0.0,0.25,0.06,0.2,0.16,2.38,,,,,,,,,,,,,,,,,,,,,,,,,,,,,,,,,,,-6445.0,-0.45292324743696316
0.0,0.0,13.0,0.0,15.7,415.0,0.23,0.27,0.04,1.12,76.0,1.0,0.0,4.5,24.2,2024-10-19,90.0,0.0,0.0,0.0,0.0,0.0,0.0,0.0,False,5.0,0.0,0.0,0.0,0.0,8.0,0.0,114235.0,1.0,1.0,0.0,5.0,2.0,7772.0,12322.0,4550.0,5.4,True,0.0,415.0,0.0,1.0,0.0532279163599014,90.0,Newcastle United,Brighton,0.0,1.0,26676.0,2024.0,681351.0,0.0690275356173515,0.0,1.0,0.0,0.0532279163599014,0.6671956777572632,0.6671956777572632,76.0,Newcastle United,3.0,4.0,8.0,2.7,DEF,1.0,0.01,0.01,0.0,0.67,0.0,0.0,1.2,10.8,1.0,0.0,90.0,0.0,0.0,0.0,0.0,1.0,0.0,1.0,0.0,0.0,5.0,0.0,0.0,0.0,0.0,0.0,0.0,0.0,0.0,0.0,0.51,0.51,3.2,0.5,0.02,0.06,0.04,0.79,0.5,0.0,1.65,12.6,0.95,3.0,90.0,0.0,0.0,0.0,0.0,1.0,0.0,1.0,0.5,0.5,3.0,0.0,0.5,0.03,0.0,0.0,0.0,0.0,0.0,0.03,0.34,0.31,2.6,0.33,0.08,0.24,0.16,1.29,1.33,0.0,2.17,12.6,3.2,6.0,90.0,0.0,0.0,0.0,0.0,0.67,0.0,1.0,0.67,1.33,2.33,0.0,1.0,0.05,0.0,0.0,0.0,0.0,0.0,0.05,0.29,0.25,2.63,0.25,0.06,0.21,0.14,1.21,1.25,0.25,3.08,21.15,2.72,7.0,90.0,0.0,0.0,0.0,0.0,0.5,0.0,1.0,1.0,1.25,3.75,0.25,1.25,0.05,0.0,0.0,0.0,0.0,0.25,0.05,0.33,0.29,2.48,0.2,0.05,0.18,0.12,1.01,1.0,0.2,2.48,16.92,2.24,6.6,77.4,0.0,0.0,0.0,0.2,0.4,0.0,1.0,0.8,1.2,2.6,0.2,1.2,0.05,0.0,0.0,0.0,0.0,0.2,0.05,0.26,0.23,2.54,12111.0,0.46064485538169747
0.0,0.0,-1.0,0.0,0.3,415.0,0.02,0.26,0.24,1.64,85.0,2.0,0.0,1.6,7.6,2024-10-27,90.0,0.0,0.0,0.0,0.0,0.0,0.0,0.0,False,6.0,0.0,0.0,0.0,0.0,9.0,0.0,114644.0,1.0,1.0,2.0,8.0,0.0,151.0,5777.0,5626.0,5.4,False,1.0,415.0,0.0,2.0,0.136844128370285,90.0,Chelsea,Newcastle United,2.0,1.0,26688.0,2024.0,683524.0,0.0,0.0,0.0,0.0,0.136844128370285,0.0818817093968391,0.0818817093968391,76.0,Newcastle United,4.0,4.0,9.0,1.8,DEF,0.0,0.23,0.27,0.04,1.12,1.0,0.0,4.5,24.2,15.7,5.0,90.0,0.0,0.0,0.0,0.0,0.0,0.0,1.0,1.0,0.0,2.0,0.0,1.0,0.05,0.07,0.0,0.0,1.0,0.0,0.05,0.67,0.67,2.7,0.5,0.12,0.14,0.02,0.9,0.5,0.0,2.85,17.5,8.35,2.5,90.0,0.0,0.0,0.0,0.0,0.5,0.0,1.0,0.5,0.0,3.5,0.0,0.5,0.03,0.03,0.0,0.0,0.5,0.0,0.03,0.59,0.59,2.95,0.33,0.09,0.13,0.04,0.9,0.67,0.0,2.6,16.47,5.87,3.67,90.0,0.0,0.0,0.0,0.0,0.67,0.0,1.0,0.67,0.33,2.67,0.0,0.67,0.04,0.02,0.0,0.0,0.33,0.0,0.04,0.45,0.43,2.63,0.25,0.12,0.25,0.13,1.25,1.25,0.0,2.75,15.5,6.32,5.75,90.0,0.0,0.0,0.0,0.0,0.5,0.0,1.0,0.75,1.0,2.25,0.0,1.0,0.05,0.02,0.0,0.0,0.25,0.0,0.05,0.38,0.35,2.65,0.2,0.1,0.22,0.12,1.2,1.2,0.2,3.36,21.76,5.32,6.6,90.0,0.0,0.0,0.0,0.0,0.4,0.0,1.0,1.0,1.0,3.4,0.2,1.2,0.05,0.01,0.0,0.0,0.2,0.2,0.05,0.4,0.37,2.52,409.0,0.013242129264228712
0.0,0.0,20.0,1.0,1.5,415.0,0.02,0.08,0.06,1.05,96.0,0.0,0.0,2.5,18.2,2024-11-02,90.0,0.0,0.0,0.0,0.0,0.0,0.0,0.0,False,1.0,0.0,0.0,0.0,0.0,10.0,0.0,115932.0,1.0,0.0,1.0,5.0,5.0,-292.0,8590.0,8882.0,5.4,True,1.0,415.0,0.0,1.0,0.0344965010881423,90.0,Newcastle United,Arsenal,1.0,0.0,26694.0,2024.0,684654.0,0.0,0.0,0.0,0.0,0.0344965010881423,0.1295020133256912,0.1295020133256912,76.0,Newcastle United,5.0,4.0,10.0,1.3,DEF,0.0,0.02,0.26,0.24,1.64,2.0,0.0,1.6,7.6,0.3,8.0,90.0,0.0,0.0,0.0,0.0,1.0,0.0,1.0,1.0,2.0,0.0,0.0,2.0,0.14,0.0,0.0,0.0,0.0,0.0,0.14,0.08,0.08,1.8,0.0,0.12,0.26,0.14,1.38,1.5,0.0,3.05,15.9,8.0,6.5,90.0,0.0,0.0,0.0,0.0,0.5,0.0,1.0,1.0,1.0,1.0,0.0,1.5,0.1,0.03,0.0,0.0,0.5,0.0,0.1,0.37,0.37,2.25,0.33,0.09,0.18,0.09,1.14,1.0,0.0,2.43,14.2,5.67,4.33,90.0,0.0,0.0,0.0,0.0,0.67,0.0,1.0,0.67,0.67,2.33,0.0,1.0,0.06,0.02,0.0,0.0,0.33,0.0,0.06,0.42,0.42,2.57,0.25,0.08,0.16,0.09,1.08,1.0,0.0,2.35,14.25,4.47,4.75,90.0,0.0,0.0,0.0,0.0,0.75,0.0,1.0,0.75,0.75,2.0,0.0,1.0,0.06,0.02,0.0,0.0,0.25,0.0,0.06,0.36,0.34,2.43,0.2,0.1,0.25,0.15,1.33,1.4,0.0,2.52,13.92,5.12,6.2,90.0,0.0,0.0,0.0,0.0,0.6,0.0,1.0,0.8,1.2,1.8,0.0,1.2,0.07,0.01,0.0,0.0,0.2,0.0,0.07,0.32,0.3,2.48,1288.0,-0.016712454212454212
0.0,0.0,10.0,0.0,2.3,415.0,0.01,0.03,0.02,0.63,107.0,1.0,0.0,3.0,24.0,2024-11-10,90.0,0.0,0.0,0.0,0.0,0.0,0.0,0.0,False,16.0,0.0,0.0,0.0,0.0,11.0,0.0,141917.0,1.0,3.0,1.0,4.0,2.0,21948.0,27763.0,5815.0,5.4,False,0.0,415.0,0.0,1.0,0.0146096711978316,90.0,Nottingham Forest,Newcastle United,1.0,3.0,26704.0,2024.0,687328.0,0.0,0.0,0.0,0.0,0.0146096711978316,0.149185225367546,0.149185225367546,76.0,Newcastle United,4.0,4.0,11.0,2.3,DEF,1.0,0.02,0.08,0.06,1.05,0.0,0.0,2.5,18.2,1.5,5.0,90.0,0.0,0.0,0.0,0.0,1.0,0.0,1.0,0.0,1.0,5.0,0.0,1.0,0.03,0.0,0.0,0.0,0.0,0.0,0.03,0.13,0.13,1.3,0.5,0.02,0.17,0.15,1.34,1.0,0.0,2.05,12.9,0.9,6.5,90.0,0.0,0.0,0.0,0.0,1.0,0.0,1.0,0.5,1.5,2.5,0.0,1.5,0.09,0.0,0.0,0.0,0.0,0.0,0.09,0.11,0.11,1.55,0.33,0.09,0.2,0.11,1.27,1.0,0.0,2.87,16.67,5.83,6.0,90.0,0.0,0.0,0.0,0.0,0.67,0.0,1.0,0.67,1.0,2.33,0.0,1.33,0.07,0.02,0.0,0.0,0.33,0.0,0.07,0.29,0.29,1.93,0.5,0.07,0.16,0.08,1.12,0.75,0.0,2.45,15.2,4.62,4.5,90.0,0.0,0.0,0.0,0.0,0.75,0.0,1.0,0.5,0.75,3.0,0.0,1.0,0.06,0.02,0.0,0.0,0.25,0.0,0.06,0.35,0.35,2.25,0.4,0.06,0.15,0.08,1.08,0.8,0.0,2.38,15.04,3.88,4.8,90.0,0.0,0.0,0.0,0.0,0.8,0.0,1.0,0.6,0.8,2.6,0.0,1.0,0.06,0.01,0.0,0.0,0.2,0.0,0.06,0.31,0.3,2.2,25985.0,0.6536422657692537
0.0,0.0,9.0,0.0,3.3,415.0,0.02,0.05,0.03,0.91,119.0,2.0,0.0,3.5,28.2,2024-11-25,90.0,0.0,0.0,0.0,0.0,0.0,0.0,0.0,False,19.0,0.0,0.0,0.0,0.0,12.0,0.0,160120.0,1.0,2.0,0.0,3.0,1.0,15562.0,22724.0,7162.0,5.4,True,0.0,415.0,0.0,2.0,0.0203356333076953,90.0,Newcastle United,West Ham,0.0,2.0,26713.0,2024.0,689552.0,0.0,0.0,0.0,0.0,0.0203356333076953,0.3323614001274109,0.3120257556438446,76.0,Newcastle United,2.0,4.0,12.0,2.7,DEF,0.0,0.01,0.03,0.02,0.63,1.0,0.0,3.0,24.0,2.3,4.0,90.0,0.0,0.0,0.0,0.0,0.0,0.0,1.0,3.0,1.0,2.0,0.0,1.0,0.01,0.0,0.0,0.0,0.0,0.0,0.01,0.15,0.15,2.3,0.5,0.02,0.06,0.04,0.84,0.5,0.0,2.75,21.1,1.9,4.5,90.0,0.0,0.0,0.0,0.0,0.5,0.0,1.0,1.5,1.0,3.5,0.0,1.0,0.02,0.0,0.0,0.0,0.0,0.0,0.02,0.14,0.14,1.8,0.33,0.02,0.12,0.11,1.11,1.0,0.0,2.37,16.6,1.37,5.67,90.0,0.0,0.0,0.0,0.0,0.67,0.0,1.0,1.33,1.33,2.33,0.0,1.33,0.06,0.0,0.0,0.0,0.0,0.0,0.06,0.12,0.12,1.8,0.25,0.07,0.16,0.09,1.11,1.0,0.0,2.9,18.5,4.95,5.5,90.0,0.0,0.0,0.0,0.0,0.5,0.0,1.0,1.25,1.0,2.25,0.0,1.25,0.06,0.02,0.0,0.0,0.25,0.0,0.06,0.26,0.26,2.02,0.4,0.06,0.13,0.07,1.02,0.8,0.0,2.56,16.96,4.16,4.4,90.0,0.0,0.0,0.0,0.0,0.6,0.0,1.0,1.0,0.8,2.8,0.0,1.0,0.05,0.01,0.0,0.0,0.2,0.0,0.05,0.31,0.31,2.26,18203.0,0.5207120390818444
0.0,0.0,12.0,0.0,0.6,415.0,0.01,0.01,0.0,1.76,124.0,1.0,0.0,3.1,30.6,2024-11-30,90.0,0.0,0.0,0.0,0.0,0.0,0.0,0.0,False,7.0,0.0,0.0,0.0,0.0,13.0,0.0,164799.0,1.0,1.0,1.0,0.0,2.0,4567.0,12142.0,7575.0,5.4,False,0.0,415.0,0.0,0.0,0.0,90.0,Crystal Palace,Newcastle United,1.0,1.0,26725.0,2024.0,690098.0,0.0,0.0,0.0,0.0,0.0,0.0,0.0,76.0,Newcastle United,4.0,3.0,13.0,2.5,DEF,0.0,0.02,0.05,0.03,0.91,2.0,0.0,3.5,28.2,3.3,3.0,90.0,0.0,0.0,0.0,0.0,0.0,0.0,1.0,2.0,0.0,1.0,0.0,2.0,0.02,0.0,0.0,0.0,0.0,0.0,0.02,0.33,0.31,2.7,0.0,0.02,0.04,0.02,0.77,1.5,0.0,3.25,26.1,2.8,3.5,90.0,0.0,0.0,0.0,0.0,0.0,0.0,1.0,2.5,0.5,1.5,0.0,1.5,0.02,0.0,0.0,0.0,0.0,0.0,0.02,0.24,0.23,2.5,0.33,0.02,0.05,0.04,0.86,1.0,0.0,3.0,23.47,2.37,4.0,90.0,0.0,0.0,0.0,0.0,0.33,0.0,1.0,1.67,0.67,2.67,0.0,1.33,0.02,0.0,0.0,0.0,0.0,0.0,0.02,0.2,0.2,2.1,0.25,0.02,0.11,0.09,1.06,1.25,0.0,2.65,19.5,1.85,5.0,90.0,0.0,0.0,0.0,0.0,0.5,0.0,1.0,1.5,1.0,2.0,0.0,1.5,0.05,0.0,0.0,0.0,0.0,0.0,0.05,0.17,0.17,2.02,0.2,0.06,0.14,0.08,1.07,1.2,0.0,3.02,20.44,4.62,5.0,90.0,0.0,0.0,0.0,0.0,0.4,0.0,1.0,1.4,0.8,2.0,0.0,1.4,0.05,0.01,0.0,0.0,0.2,0.0,0.05,0.27,0.27,2.16,4679.0,0.23162752954303392
0.0,0.0,15.0,0.0,0.8,415.0,0.01,0.31,0.3,1.99,139.0,3.0,1.0,8.3,49.6,2024-12-04,90.0,0.0,0.0,0.0,0.0,0.0,0.0,0.0,False,12.0,0.0,0.0,0.0,0.0,14.0,0.0,153313.0,1.0,3.0,3.0,33.0,7.0,-10973.0,3876.0,14849.0,5.4,True,0.0,415.0,1.0,1.0,0.1934657841920852,90.0,Newcastle United,Liverpool,3.0,3.0,26740.0,2024.0,691419.0,0.0,0.0,0.0,1.0,0.1934657841920852,0.0778185948729515,0.0778185948729515,76.0,Newcastle United,5.0,4.0,14.0,2.0,DEF,0.0,0.01,0.01,0.0,1.76,1.0,0.0,3.1,30.6,0.6,0.0,90.0,0.0,0.0,0.0,0.0,0.0,0.0,1.0,1.0,1.0,2.0,0.0,0.0,0.0,0.0,0.0,0.0,0.0,0.0,0.0,0.0,0.0,2.5,0.0,0.02,0.03,0.02,1.34,1.5,0.0,3.3,29.4,1.95,1.5,90.0,0.0,0.0,0.0,0.0,0.0,0.0,1.0,1.5,0.5,1.5,0.0,1.0,0.01,0.0,0.0,0.0,0.0,0.0,0.01,0.17,0.16,2.6,0.0,0.01,0.03,0.02,1.1,1.33,0.0,3.2,27.6,2.07,2.33,90.0,0.0,0.0,0.0,0.0,0.0,0.0,1.0,2.0,0.67,1.67,0.0,1.0,0.01,0.0,0.0,0.0,0.0,0.0,0.01,0.16,0.15,2.5,0.25,0.02,0.04,0.03,1.09,1.0,0.0,3.03,25.25,1.92,3.0,90.0,0.0,0.0,0.0,0.0,0.25,0.0,1.0,1.5,0.75,2.5,0.0,1.0,0.02,0.0,0.0,0.0,0.0,0.0,0.02,0.15,0.15,2.2,0.2,0.02,0.09,0.07,1.2,1.2,0.0,2.74,21.72,1.6,4.0,90.0,0.0,0.0,0.0,0.0,0.4,0.0,1.0,1.4,1.0,2.0,0.0,1.2,0.04,0.0,0.0,0.0,0.0,0.0,0.04,0.14,0.13,2.12,-11486.0,-0.5860080106809079
0.0,0.0,-2.0,0.0,1.1,415.0,0.01,0.01,0.0,1.23,142.0,4.0,0.0,1.7,16.2,2024-12-07,90.0,0.0,0.0,0.0,0.0,0.0,0.0,0.0,False,4.0,0.0,0.0,0.0,0.0,15.0,0.0,185523.0,1.0,2.0,4.0,0.0,0.0,26273.0,31330.0,5057.0,5.4,False,0.0,415.0,0.0,0.0,0.0,90.0,Brentford,Newcastle United,4.0,2.0,26743.0,2024.0,692234.0,0.0,0.0,0.0,0.0,0.0,0.6003608703613281,0.6003608703613281,76.0,Newcastle United,4.0,3.0,15.0,2.5,DEF,0.0,0.01,0.31,0.3,1.99,3.0,1.0,8.3,49.6,0.8,33.0,90.0,0.0,0.0,0.0,0.0,0.0,0.0,1.0,3.0,3.0,7.0,1.0,1.0,0.19,0.0,0.0,0.0,0.0,1.0,0.19,0.08,0.08,2.0,0.0,0.01,0.16,0.15,1.88,2.0,0.5,5.7,40.1,0.7,16.5,90.0,0.0,0.0,0.0,0.0,0.0,0.0,1.0,2.0,2.0,4.5,0.5,0.5,0.1,0.0,0.0,0.0,0.0,0.5,0.1,0.04,0.04,2.25,0.0,0.01,0.12,0.11,1.55,2.0,0.33,4.97,36.13,1.57,12.0,90.0,0.0,0.0,0.0,0.0,0.0,0.0,1.0,2.0,1.33,3.33,0.33,1.0,0.07,0.0,0.0,0.0,0.0,0.33,0.07,0.14,0.13,2.4,0.0,0.01,0.1,0.09,1.32,1.75,0.25,4.48,33.1,1.75,10.0,90.0,0.0,0.0,0.0,0.0,0.0,0.0,1.0,2.25,1.25,3.0,0.25,1.0,0.06,0.0,0.0,0.0,0.0,0.25,0.06,0.14,0.13,2.38,0.2,0.01,0.1,0.08,1.27,1.4,0.2,4.08,30.12,1.7,9.0,90.0,0.0,0.0,0.0,0.0,0.2,0.0,1.0,1.8,1.2,3.4,0.2,1.0,0.05,0.0,0.0,0.0,0.0,0.2,0.05,0.14,0.13,2.16,32210.0,0.7220435869953555
0.0,0.0,24.0,1.0,1.2,415.0,0.01,0.01,0.0,0.19,157.0,0.0,0.0,1.5,11.8,2024-12-14,90.0,0.0,0.0,0.0,0.0,0.0,0.0,0.0,False,11.0,0.0,0.0,0.0,0.0,16.0,0.0,197860.0,1.0,0.0,4.0,2.0,6.0,12265.0,25766.0,13501.0,5.4,True,0.0,415.0,0.0,0.0,0.0,90.0,Newcastle United,Leicester,4.0,0.0,26760.0,2024.0,693631.0,0.0,0.0,0.0,0.0,0.0,0.2505877912044525,0.2505877912044525,76.0,Newcastle United,1.0,4.0,16.0,3.2,DEF,0.0,0.01,0.01,0.0,1.23,4.0,0.0,1.7,16.2,1.1,0.0,90.0,0.0,0.0,0.0,0.0,0.0,0.0,1.0,2.0,4.0,0.0,0.0,0.0,0.0,0.0,0.0,0.0,0.0,0.0,0.0,0.6,0.6,2.5,0.0,0.01,0.16,0.15,1.61,3.5,0.5,5.0,32.9,0.95,16.5,90.0,0.0,0.0,0.0,0.0,0.0,0.0,1.0,2.5,3.5,3.5,0.5,0.5,0.1,0.0,0.0,0.0,0.0,0.5,0.1,0.34,0.34,2.25,0.0,0.01,0.11,0.1,1.66,2.67,0.33,4.37,32.13,0.83,11.0,90.0,0.0,0.0,0.0,0.0,0.0,0.0,1.0,2.0,2.67,3.0,0.33,0.33,0.06,0.0,0.0,0.0,0.0,0.33,0.06,0.23,0.23,2.33,0.0,0.01,0.1,0.08,1.47,2.5,0.25,4.15,31.15,1.45,9.0,90.0,0.0,0.0,0.0,0.0,0.0,0.0,1.0,2.0,2.0,2.5,0.25,0.75,0.05,0.0,0.0,0.0,0.0,0.25,0.05,0.25,0.25,2.43,0.0,0.01,0.08,0.07,1.3,2.2,0.2,3.92,29.72,1.62,8.0,90.0,0.0,0.0,0.0,0.0,0.0,0.0,1.0,2.2,1.8,2.4,0.2,0.8,0.05,0.0,0.0,0.0,0.0,0.2,0.05,0.23,0.23,2.4,12337.0,0.3123487916061833
0.0,0.0,30.0,1.0,1.3,415.0,0.01,0.01,0.0,0.71,166.0,0.0,0.0,2.8,26.4,2024-12-21,90.0,0.0,0.0,0.0,0.0,0.0,0.0,0.0,False,10.0,0.0,0.0,0.0,0.0,17.0,0.0,239647.0,1.0,4.0,0.0,0.0,6.0,36607.0,45469.0,8862.0,5.4,False,0.0,415.0,0.0,0.0,0.0,90.0,Ipswich,Newcastle United,0.0,4.0,26771.0,2024.0,695340.0,0.0,0.0,0.0,0.0,0.0,0.6321718096733093,0.6321718096733093,76.0,Newcastle United,4.0,2.0,17.0,3.7,DEF,1.0,0.01,0.01,0.0,0.19,0.0,0.0,1.5,11.8,1.2,2.0,90.0,0.0,0.0,0.0,0.0,0.0,0.0,1.0,0.0,4.0,6.0,0.0,0.0,0.0,0.0,0.0,0.0,0.0,0.0,0.0,0.25,0.25,3.2,0.5,0.01,0.01,0.0,0.71,2.0,0.0,1.6,14.0,1.15,1.0,90.0,0.0,0.0,0.0,0.0,0.0,0.0,1.0,1.0,4.0,3.0,0.0,0.0,0.0,0.0,0.0,0.0,0.0,0.0,0.0,0.43,0.43,2.85,0.33,0.01,0.11,0.1,1.14,2.33,0.33,3.83,25.87,1.03,11.67,90.0,0.0,0.0,0.0,0.0,0.0,0.0,1.0,1.67,3.67,4.33,0.33,0.33,0.06,0.0,0.0,0.0,0.0,0.33,0.06,0.31,0.31,2.57,0.25,0.01,0.08,0.08,1.29,2.0,0.25,3.65,27.05,0.92,8.75,90.0,0.0,0.0,0.0,0.0,0.0,0.0,1.0,1.5,3.0,3.75,0.25,0.25,0.05,0.0,0.0,0.0,0.0,0.25,0.05,0.23,0.23,2.55,0.2,0.01,0.08,0.07,1.22,2.0,0.2,3.62,27.28,1.4,7.6,90.0,0.0,0.0,0.0,0.0,0.0,0.0,1.0,1.6,2.4,3.2,0.2,0.6,0.04,0.0,0.0,0.0,0.0,0.2,0.04,0.25,0.25,2.58,41787.0,0.6737774014834993
0.0,0.0,30.0,1.0,3.7,415.0,0.09,0.19,0.1,0.34,177.0,0.0,0.0,2.9,17.4,2024-12-26,90.0,0.0,0.0,0.0,0.0,0.0,0.0,0.0,False,2.0,0.0,0.0,0.0,0.0,18.0,0.0,252368.0,1.0,0.0,3.0,8.0,6.0,12669.0,30744.0,18075.0,5.4,True,0.0,415.0,0.0,2.0,0.1690702140331268,90.0,Newcastle United,Aston Villa,3.0,0.0,26778.0,2024.0,696207.0,0.0,0.0,0.0,0.0,0.1690702140331268,0.5475735068321228,0.4410160779953003,76.0,Newcastle United,3.0,4.0,18.0,4.5,DEF,1.0,0.01,0.01,0.0,0.71,0.0,0.0,2.8,26.4,1.3,0.0,90.0,0.0,0.0,0.0,0.0,0.0,0.0,1.0,4.0,0.0,6.0,0.0,0.0,0.0,0.0,0.0,0.0,0.0,0.0,0.0,0.63,0.63,3.7,1.0,0.01,0.01,0.0,0.45,0.0,0.0,2.15,19.1,1.25,1.0,90.0,0.0,0.0,0.0,0.0,0.0,0.0,1.0,2.0,2.0,6.0,0.0,0.0,0.0,0.0,0.0,0.0,0.0,0.0,0.0,0.44,0.44,3.45,0.67,0.01,0.01,0.0,0.71,1.33,0.0,2.0,18.13,1.2,0.67,90.0,0.0,0.0,0.0,0.0,0.0,0.0,1.0,2.0,2.67,4.0,0.0,0.0,0.0,0.0,0.0,0.0,0.0,0.0,0.0,0.49,0.49,3.13,0.5,0.01,0.08,0.08,1.03,1.75,0.25,3.58,26.0,1.1,8.75,90.0,0.0,0.0,0.0,0.0,0.0,0.0,1.0,2.25,2.75,4.75,0.25,0.25,0.05,0.0,0.0,0.0,0.0,0.25,0.05,0.39,0.39,2.85,0.4,0.01,0.07,0.06,1.18,1.6,0.2,3.48,26.92,1.0,7.0,90.0,0.0,0.0,0.0,0.0,0.0,0.0,1.0,2.0,2.4,4.2,0.2,0.2,0.04,0.0,0.0,0.0,0.0,0.2,0.04,0.31,0.31,2.78,12721.0,0.25950961715725435
0.0,0.0,28.0,1.0,10.8,415.0,0.02,0.04,0.02,0.9,188.0,0.0,0.0,2.8,15.0,2024-12-30,90.0,0.0,0.0,0.0,0.0,0.0,0.0,0.0,False,14.0,0.0,0.0,0.0,0.0,19.0,0.0,267397.0,1.0,2.0,0.0,2.0,5.0,13130.0,26506.0,13376.0,5.4,False,1.0,415.0,0.0,1.0,0.0422577783465385,90.0,Manchester United,Newcastle United,0.0,2.0,26789.0,2024.0,696967.0,0.0249362457543611,0.0,1.0,0.0,0.0422577783465385,0.3144777417182922,0.289541482925415,76.0,Newcastle United,4.0,3.0,19.0,5.0,DEF,1.0,0.09,0.19,0.1,0.34,0.0,0.0,2.9,17.4,3.7,8.0,90.0,0.0,0.0,0.0,0.0,0.0,0.0,1.0,0.0,3.0,6.0,0.0,2.0,0.17,0.0,0.0,0.0,0.0,0.0,0.17,0.55,0.44,4.5,1.0,0.05,0.1,0.05,0.53,0.0,0.0,2.85,21.9,2.5,4.0,90.0,0.0,0.0,0.0,0.0,0.0,0.0,1.0,2.0,1.5,6.0,0.0,1.0,0.08,0.0,0.0,0.0,0.0,0.0,0.08,0.59,0.54,4.1,1.0,0.04,0.07,0.03,0.41,0.0,0.0,2.4,18.53,2.07,3.33,90.0,0.0,0.0,0.0,0.0,0.0,0.0,1.0,1.33,2.33,6.0,0.0,0.67,0.06,0.0,0.0,0.0,0.0,0.0,0.06,0.48,0.44,3.8,0.75,0.03,0.06,0.02,0.62,1.0,0.0,2.22,17.95,1.82,2.5,90.0,0.0,0.0,0.0,0.0,0.0,0.0,1.0,1.5,2.75,4.5,0.0,0.5,0.04,0.0,0.0,0.0,0.0,0.0,0.04,0.51,0.48,3.48,0.6,0.03,0.11,0.08,0.89,1.4,0.2,3.44,24.28,1.62,8.6,90.0,0.0,0.0,0.0,0.0,0.0,0.0,1.0,1.8,2.8,5.0,0.2,0.6,0.07,0.0,0.0,0.0,0.0,0.2,0.07,0.42,0.4,3.18,15029.0,0.3292212025475152
0.0,0.0,-1.0,0.0,0.1,415.0,0.0,0.04,0.04,1.09,218.0,2.0,0.0,2.9,11.6,2025-01-18,45.0,0.0,0.0,0.0,0.0,0.0,0.0,0.0,False,3.0,0.0,0.0,0.0,0.0,22.0,0.0,189945.0,0.0,4.0,1.0,17.0,0.0,-26079.0,3725.0,29804.0,5.4,True,0.0,415.0,0.0,1.0,0.0686020851135253,38.0,Newcastle United,Bournemouth,1.0,4.0,26819.0,2024.0,699762.0,0.0,0.0,0.0,0.0,0.0686020851135253,0.0,0.0,76.0,Newcastle United,3.0,4.0,22.0,0.0,DEF,1.0,0.02,0.04,0.02,0.9,0.0,0.0,2.8,15.0,10.8,2.0,90.0,0.0,0.0,0.0,0.0,1.0,0.0,1.0,2.0,0.0,5.0,0.0,1.0,0.04,0.02,0.0,0.0,1.0,0.0,0.04,0.31,0.29,5.0,1.0,0.06,0.12,0.06,0.62,0.0,0.0,2.85,16.2,7.25,5.0,90.0,0.0,0.0,0.0,0.0,0.5,0.0,1.0,1.0,1.5,5.5,0.0,1.5,0.11,0.01,0.0,0.0,0.5,0.0,0.11,0.43,0.37,4.75,1.0,0.04,0.08,0.04,0.65,0.0,0.0,2.83,19.6,5.27,3.33,90.0,0.0,0.0,0.0,0.0,0.33,0.0,1.0,2.0,1.0,5.67,0.0,1.0,0.07,0.01,0.0,0.0,0.33,0.0,0.07,0.5,0.45,4.4,1.0,0.03,0.06,0.03,0.53,0.0,0.0,2.5,17.65,4.25,3.0,90.0,0.0,0.0,0.0,0.0,0.25,0.0,1.0,1.5,1.75,5.75,0.0,0.75,0.05,0.01,0.0,0.0,0.25,0.0,0.05,0.44,0.4,4.1,0.8,0.03,0.05,0.02,0.67,0.8,0.0,2.34,17.36,3.62,2.4,90.0,0.0,0.0,0.0,0.0,0.2,0.0,1.0,1.6,2.2,4.6,0.0,0.6,0.04,0.0,0.0,0.0,0.2,0.0,0.04,0.47,0.44,3.78,-77452.0,-0.7778042888245996
0.0,0.0,9.0,0.0,10.4,415.0,0.01,0.08,0.07,0.76,228.0,1.0,0.0,5.6,26.2,2025-01-25,90.0,0.0,0.0,0.0,0.0,0.0,0.0,0.0,False,17.0,0.0,0.0,0.0,0.0,23.0,0.0,188627.0,1.0,3.0,1.0,19.0,2.0,-3696.0,11651.0,15347.0,5.4,False,0.0,415.0,0.0,1.0,0.2685931026935577,90.0,Southampton,Newcastle United,1.0,3.0,26829.0,2024.0,701482.0,0.1182166114449501,0.0,1.0,0.0,0.2685931026935577,0.1708368957042694,0.0526202842593193,76.0,Newcastle United,4.0,1.0,23.0,1.5,DEF,0.0,0.0,0.04,0.04,1.09,2.0,0.0,2.9,11.6,0.1,17.0,45.0,0.0,0.0,0.0,0.0,0.0,0.0,0.0,4.0,1.0,0.0,0.0,1.0,0.07,0.0,0.0,0.0,0.0,0.0,0.07,0.0,0.0,0.0,0.5,0.01,0.04,0.03,1.0,1.0,0.0,2.85,13.3,5.45,9.5,67.5,0.0,0.0,0.0,0.0,0.5,0.0,0.5,3.0,0.5,2.5,0.0,1.0,0.06,0.01,0.0,0.0,0.5,0.0,0.06,0.16,0.14,2.5,0.67,0.04,0.09,0.05,0.78,0.67,0.0,2.87,14.67,4.87,9.0,75.0,0.0,0.0,0.0,0.0,0.33,0.0,0.67,2.0,1.33,3.67,0.0,1.33,0.09,0.01,0.0,0.0,0.33,0.0,0.09,0.29,0.24,3.17,0.75,0.03,0.07,0.04,0.76,0.5,0.0,2.85,17.6,3.97,6.75,78.75,0.0,0.0,0.0,0.0,0.25,0.0,0.75,2.5,1.0,4.25,0.0,1.0,0.07,0.01,0.0,0.0,0.25,0.0,0.07,0.37,0.34,3.3,0.8,0.03,0.06,0.03,0.65,0.4,0.0,2.58,16.44,3.42,5.8,81.0,0.0,0.0,0.0,0.0,0.2,0.0,0.8,2.0,1.6,4.6,0.0,0.8,0.06,0.0,0.0,0.0,0.2,0.0,0.06,0.35,0.32,3.28,-1318.0,-0.13689902955774502
0.0,0.0,4.0,0.0,1.1,415.0,0.04,0.2,0.16,1.56,238.0,2.0,0.0,5.2,30.2,2025-02-01,90.0,0.0,0.0,0.0,0.0,0.0,0.0,0.0,False,9.0,0.0,0.0,0.0,0.0,24.0,0.0,183269.0,1.0,2.0,1.0,21.0,1.0,-6342.0,5116.0,11458.0,5.4,True,0.0,415.0,0.0,1.0,0.4409343898296356,90.0,Newcastle United,Fulham,1.0,2.0,26839.0,2024.0,703386.0,0.0,0.0,0.0,0.0,0.4409343898296356,0.5524886250495911,0.5524886250495911,76.0,Newcastle United,3.0,4.0,24.0,1.3,DEF,0.0,0.01,0.08,0.07,0.76,1.0,0.0,5.6,26.2,10.4,19.0,90.0,0.0,0.0,0.0,0.0,0.0,0.0,1.0,3.0,1.0,2.0,0.0,1.0,0.27,0.12,0.0,0.0,1.0,0.0,0.27,0.17,0.05,1.5,0.0,0.0,0.06,0.06,0.93,1.5,0.0,4.25,18.9,5.25,18.0,67.5,0.0,0.0,0.0,0.0,0.0,0.0,0.5,3.5,1.0,1.0,0.0,1.0,0.17,0.06,0.0,0.0,0.5,0.0,0.17,0.09,0.03,0.75,0.33,0.01,0.05,0.04,0.92,1.0,0.0,3.77,17.6,7.1,12.67,75.0,0.0,0.0,0.0,0.0,0.33,0.0,0.67,3.0,0.67,2.33,0.0,1.0,0.13,0.05,0.0,0.0,0.67,0.0,0.13,0.16,0.11,2.17,0.5,0.03,0.09,0.06,0.77,0.75,0.0,3.55,17.55,6.25,11.5,78.75,0.0,0.0,0.0,0.0,0.25,0.0,0.75,2.25,1.25,3.25,0.0,1.25,0.14,0.04,0.0,0.0,0.5,0.0,0.14,0.26,0.2,2.75,0.6,0.03,0.07,0.05,0.76,0.6,0.0,3.4,19.32,5.26,9.2,81.0,0.0,0.0,0.0,0.0,0.2,0.0,0.8,2.6,1.0,3.8,0.0,1.0,0.11,0.03,0.0,0.0,0.4,0.0,0.11,0.33,0.28,2.94,-5358.0,-0.38264752021238085
0.0,0.0,-4.0,0.0,0.7,415.0,0.0,0.0,0.0,1.9,247.0,4.0,0.0,1.8,15.2,2025-02-15,90.0,0.0,0.0,0.0,0.0,0.0,0.0,0.0,False,13.0,0.0,0.0,0.0,0.0,25.0,0.0,173852.0,1.0,0.0,4.0,2.0,0.0,-10168.0,3570.0,13738.0,5.4,False,0.0,415.0,0.0,0.0,0.0,90.0,Manchester City,Newcastle United,4.0,0.0,26848.0,2024.0,706230.0,0.0,0.0,0.0,0.0,0.0,0.0,0.0,76.0,Newcastle United,4.0,4.0,25.0,1.0,DEF,0.0,0.04,0.2,0.16,1.56,2.0,0.0,5.2,30.2,1.1,21.0,90.0,0.0,0.0,0.0,0.0,0.0,0.0,1.0,2.0,1.0,1.0,0.0,1.0,0.44,0.0,0.0,0.0,0.0,0.0,0.44,0.55,0.55,1.3,0.0,0.02,0.14,0.12,1.16,1.5,0.0,5.4,28.2,5.75,20.0,90.0,0.0,0.0,0.0,0.0,0.0,0.0,1.0,2.5,1.0,1.5,0.0,1.0,0.35,0.06,0.0,0.0,0.5,0.0,0.35,0.36,0.3,1.4,0.0,0.02,0.11,0.09,1.14,1.67,0.0,4.57,22.67,3.87,19.0,75.0,0.0,0.0,0.0,0.0,0.0,0.0,0.67,3.0,1.0,1.0,0.0,1.0,0.26,0.04,0.0,0.0,0.33,0.0,0.26,0.24,0.2,0.93,0.25,0.02,0.09,0.07,1.08,1.25,0.0,4.12,20.75,5.6,14.75,78.75,0.0,0.0,0.0,0.0,0.25,0.0,0.75,2.75,0.75,2.0,0.0,1.0,0.21,0.04,0.0,0.0,0.5,0.0,0.21,0.26,0.22,1.95,0.4,0.03,0.11,0.08,0.93,1.0,0.0,3.88,20.08,5.22,13.4,81.0,0.0,0.0,0.0,0.0,0.2,0.0,0.8,2.2,1.2,2.8,0.0,1.2,0.2,0.03,0.0,0.0,0.4,0.0,0.2,0.32,0.27,2.46,-9417.0,-0.587474000462214
0.0,0.0,-4.0,0.0,0.7,415.0,0.0,0.0,0.0,1.9,247.0,4.0,0.0,1.8,15.2,2025-02-15,90.0,0.0,0.0,0.0,0.0,0.0,0.0,0.0,False,13.0,0.0,0.0,0.0,0.0,25.0,0.0,173852.0,1.0,0.0,4.0,2.0,0.0,-10168.0,3570.0,13738.0,5.4,False,0.0,415.0,0.0,0.0,0.0,90.0,Manchester City,Newcastle United,4.0,0.0,26848.0,2024.0,706230.0,0.0,0.0,0.0,0.0,0.0,0.0,0.0,76.0,Newcastle United,4.0,4.0,25.0,1.0,DEF,0.0,0.0,0.0,0.0,1.9,4.0,0.0,1.8,15.2,0.7,2.0,90.0,0.0,0.0,0.0,0.0,0.0,0.0,1.0,0.0,4.0,0.0,0.0,0.0,0.0,0.0,0.0,0.0,0.0,0.0,0.0,0.0,0.0,1.0,0.0,0.02,0.1,0.08,1.73,3.0,0.0,3.5,22.7,0.9,11.5,90.0,0.0,0.0,0.0,0.0,0.0,0.0,1.0,1.0,2.5,0.5,0.0,0.5,0.22,0.0,0.0,0.0,0.0,0.0,0.22,0.28,0.28,1.15,0.0,0.02,0.09,0.08,1.41,2.33,0.0,4.2,23.87,4.07,14.0,90.0,0.0,0.0,0.0,0.0,0.0,0.0,1.0,1.67,2.0,1.0,0.0,0.67,0.24,0.04,0.0,0.0,0.33,0.0,0.24,0.24,0.2,1.27,0.0,0.01,0.08,0.07,1.33,2.25,0.0,3.88,20.8,3.08,14.75,78.75,0.0,0.0,0.0,0.0,0.0,0.0,0.75,2.25,1.75,0.75,0.0,0.75,0.19,0.03,0.0,0.0,0.25,0.0,0.19,0.18,0.15,0.95,0.2,0.01,0.07,0.06,1.24,1.8,0.0,3.66,19.64,4.62,12.2,81.0,0.0,0.0,0.0,0.0,0.2,0.0,0.8,2.2,1.4,1.6,0.0,0.8,0.16,0.03,0.0,0.0,0.4,0.0,0.16,0.21,0.18,1.76,0.0,-0.587474000462214
0.0,0.0,1.0,0.0,0.5,415.0,0.0,0.07,0.07,2.18,259.0,3.0,0.0,3.4,27.6,2025-02-23,90.0,0.0,0.0,0.0,0.0,0.0,0.0,0.0,False,16.0,0.0,0.0,0.0,0.0,26.0,0.0,170131.0,1.0,3.0,4.0,6.0,1.0,-4871.0,2423.0,7294.0,5.4,True,0.0,415.0,0.0,1.0,0.1004972383379936,90.0,Newcastle United,Nottingham Forest,4.0,3.0,26860.0,2024.0,708323.0,0.0,0.0,0.0,0.0,0.1004972383379936,0.6042286157608032,0.6042286157608032,76.0,Newcastle United,4.0,4.0,26.0,,,0.0,0.0,0.0,0.0,1.9,4.0,0.0,1.8,15.2,0.7,2.0,90.0,0.0,0.0,0.0,0.0,0.0,0.0,1.0,0.0,4.0,0.0,0.0,0.0,0.0,0.0,0.0,0.0,0.0,0.0,0.0,0.0,0.0,1.0,0.0,0.0,0.0,0.0,1.9,4.0,0.0,1.8,15.2,0.7,2.0,90.0,0.0,0.0,0.0,0.0,0.0,0.0,1.0,0.0,4.0,0.0,0.0,0.0,0.0,0.0,0.0,0.0,0.0,0.0,0.0,0.0,0.0,1.0,0.0,0.01,0.07,0.05,1.79,3.33,0.0,2.93,20.2,0.83,8.33,90.0,0.0,0.0,0.0,0.0,0.0,0.0,1.0,0.67,3.0,0.33,0.0,0.33,0.15,0.0,0.0,0.0,0.0,0.0,0.15,0.18,0.18,1.1,0.0,0.01,0.07,0.06,1.53,2.75,0.0,3.6,21.7,3.22,11.0,90.0,0.0,0.0,0.0,0.0,0.0,0.0,1.0,1.25,2.5,0.75,0.0,0.5,0.18,0.03,0.0,0.0,0.25,0.0,0.18,0.18,0.15,1.2,0.0,0.01,0.06,0.05,1.44,2.6,0.0,3.46,19.68,2.6,12.2,81.0,0.0,0.0,0.0,0.0,0.0,0.0,0.8,1.8,2.2,0.6,0.0,0.6,0.16,0.02,0.0,0.0,0.2,0.0,0.16,0.14,0.12,0.96,-3721.0,-0.5012864052691159
0.0,0.0,0.0,0.0,1.8,415.0,0.01,0.01,0.0,1.7,269.0,2.0,0.0,1.4,10.0,2025-02-26,90.0,0.0,0.0,0.0,0.0,0.0,0.0,0.0,False,12.0,0.0,0.0,0.0,0.0,27.0,0.0,164942.0,1.0,0.0,2.0,2.0,1.0,-5485.0,1792.0,7277.0,5.4,False,0.0,415.0,0.0,0.0,0.0,90.0,Liverpool,Newcastle United,2.0,0.0,26870.0,2024.0,709254.0,0.0,0.0,0.0,0.0,0.0,0.0334328413009643,0.0334328413009643,76.0,Newcastle United,4.0,5.0,27.0,0.3,DEF,0.0,0.0,0.07,0.07,2.18,3.0,0.0,3.4,27.6,0.5,6.0,90.0,0.0,0.0,0.0,0.0,0.0,0.0,1.0,3.0,4.0,1.0,0.0,1.0,0.1,0.0,0.0,0.0,0.0,0.0,0.1,0.6,0.6,,0.0,0.0,0.04,0.04,2.04,3.5,0.0,2.6,21.4,0.6,4.0,90.0,0.0,0.0,0.0,0.0,0.0,0.0,1.0,1.5,4.0,0.5,0.0,0.5,0.05,0.0,0.0,0.0,0.0,0.0,0.05,0.3,0.3,,0.0,0.0,0.02,0.02,1.99,3.67,0.0,2.33,19.33,0.63,3.33,90.0,0.0,0.0,0.0,0.0,0.0,0.0,1.0,1.0,4.0,0.33,0.0,0.33,0.03,0.0,0.0,0.0,0.0,0.0,0.03,0.2,0.2,,0.0,0.01,0.07,0.06,1.88,3.25,0.0,3.05,22.05,0.75,7.75,90.0,0.0,0.0,0.0,0.0,0.0,0.0,1.0,1.25,3.25,0.5,0.0,0.5,0.14,0.0,0.0,0.0,0.0,0.0,0.14,0.29,0.29,,0.0,0.01,0.07,0.06,1.66,2.8,0.0,3.56,22.88,2.68,10.0,90.0,0.0,0.0,0.0,0.0,0.0,0.0,1.0,1.6,2.8,0.8,0.0,0.6,0.16,0.02,0.0,0.0,0.2,0.0,0.16,0.27,0.24,,-5189.0,-0.6048075862829418
0.0,0.0,24.0,1.0,4.8,415.0,0.01,0.01,0.0,0.45,279.0,0.0,0.0,2.9,22.4,2025-03-10,90.0,0.0,0.0,0.0,0.0,0.0,0.0,0.0,False,19.0,0.0,0.0,0.0,0.0,28.0,0.0,168907.0,1.0,1.0,0.0,2.0,6.0,2592.0,7716.0,5124.0,5.4,False,0.0,415.0,0.0,0.0,0.0,90.0,West Ham,Newcastle United,0.0,1.0,26880.0,2024.0,712474.0,0.0,0.0,0.0,0.0,0.0,0.1928770691156387,0.1928770691156387,76.0,Newcastle United,4.0,2.0,28.0,2.5,DEF,0.0,0.01,0.01,0.0,1.7,2.0,0.0,1.4,10.0,1.8,2.0,90.0,0.0,0.0,0.0,0.0,0.0,0.0,1.0,0.0,2.0,1.0,0.0,0.0,0.0,0.0,0.0,0.0,0.0,0.0,0.0,0.03,0.03,0.3,0.0,0.0,0.04,0.04,1.94,2.5,0.0,2.4,18.8,1.15,4.0,90.0,0.0,0.0,0.0,0.0,0.0,0.0,1.0,1.5,3.0,1.0,0.0,0.5,0.05,0.0,0.0,0.0,0.0,0.0,0.05,0.32,0.32,,0.0,0.0,0.03,0.02,1.93,3.0,0.0,2.2,17.6,1.0,3.33,90.0,0.0,0.0,0.0,0.0,0.0,0.0,1.0,1.0,3.33,0.67,0.0,0.33,0.03,0.0,0.0,0.0,0.0,0.0,0.03,0.21,0.21,,0.0,0.0,0.02,0.02,1.92,3.25,0.0,2.1,17.0,0.92,3.0,90.0,0.0,0.0,0.0,0.0,0.0,0.0,1.0,0.75,3.5,0.5,0.0,0.25,0.03,0.0,0.0,0.0,0.0,0.0,0.03,0.16,0.16,,0.0,0.01,0.06,0.05,1.85,3.0,0.0,2.72,19.64,0.96,6.6,90.0,0.0,0.0,0.0,0.0,0.0,0.0,1.0,1.0,3.0,0.6,0.0,0.4,0.11,0.0,0.0,0.0,0.0,0.0,0.11,0.24,0.24,,3965.0,0.20186915887850468
0.0,0.0,5.0,0.0,0.8,415.0,0.01,0.03,0.02,1.6,299.0,1.0,0.0,1.8,15.6,2025-04-02,90.0,0.0,0.0,0.0,0.0,0.0,0.0,0.0,False,4.0,0.0,0.0,0.0,0.0,30.0,0.0,189789.0,1.0,1.0,2.0,2.0,1.0,25723.0,32220.0,6497.0,5.4,True,1.0,415.0,0.0,1.0,0.0144973648712039,90.0,Newcastle United,Brentford,2.0,1.0,26899.0,2024.0,716144.0,0.0,0.0,0.0,0.0,0.0144973648712039,0.7287187576293945,0.7142214179039001,76.0,Newcastle United,3.0,4.0,30.0,,,1.0,0.01,0.01,0.0,0.45,0.0,0.0,2.9,22.4,4.8,2.0,90.0,0.0,0.0,0.0,0.0,0.0,0.0,1.0,1.0,0.0,6.0,0.0,0.0,0.0,0.0,0.0,0.0,0.0,0.0,0.0,0.19,0.19,2.5,0.5,0.01,0.01,0.0,1.08,1.0,0.0,2.15,16.2,3.3,2.0,90.0,0.0,0.0,0.0,0.0,0.0,0.0,1.0,0.5,1.0,3.5,0.0,0.0,0.0,0.0,0.0,0.0,0.0,0.0,0.0,0.11,0.11,1.4,0.33,0.01,0.03,0.02,1.44,1.67,0.0,2.57,20.0,2.37,3.33,90.0,0.0,0.0,0.0,0.0,0.0,0.0,1.0,1.33,2.0,2.67,0.0,0.33,0.03,0.0,0.0,0.0,0.0,0.0,0.03,0.28,0.28,,0.25,0.0,0.02,0.02,1.56,2.25,0.0,2.38,18.8,1.95,3.0,90.0,0.0,0.0,0.0,0.0,0.0,0.0,1.0,1.0,2.5,2.0,0.0,0.25,0.03,0.0,0.0,0.0,0.0,0.0,0.03,0.21,0.21,,0.2,0.0,0.02,0.01,1.63,2.6,0.0,2.26,18.08,1.7,2.8,90.0,0.0,0.0,0.0,0.0,0.0,0.0,1.0,0.8,2.8,1.6,0.0,0.2,0.02,0.0,0.0,0.0,0.0,0.0,0.02,0.17,0.17,,20882.0,0.6643851538084046
1.0,1.0,39.0,1.0,0.3,415.0,0.0,0.04,0.04,0.47,307.0,0.0,0.0,3.3,21.2,2025-04-07,90.0,0.0,0.0,0.0,0.0,0.0,0.0,0.0,False,11.0,0.0,0.0,0.0,0.0,31.0,0.0,262777.0,1.0,3.0,0.0,11.0,10.0,71051.0,78516.0,7465.0,5.4,False,0.0,415.0,0.0,2.0,0.0251059271395206,90.0,Leicester,Newcastle United,0.0,3.0,26908.0,2024.0,718082.0,0.0,0.0,0.0,0.0,0.0251059271395206,0.7442677617073059,0.7191618084907532,76.0,Newcastle United,4.0,1.0,31.0,6.2,DEF,0.0,0.01,0.03,0.02,1.6,1.0,0.0,1.8,15.6,0.8,2.0,90.0,0.0,0.0,0.0,0.0,1.0,0.0,1.0,1.0,2.0,1.0,0.0,1.0,0.01,0.0,0.0,0.0,0.0,0.0,0.01,0.73,0.71,,0.5,0.01,0.02,0.01,1.03,0.5,0.0,2.35,19.0,2.8,2.0,90.0,0.0,0.0,0.0,0.0,0.5,0.0,1.0,1.0,1.0,3.5,0.0,0.5,0.01,0.0,0.0,0.0,0.0,0.0,0.01,0.46,0.45,,0.33,0.01,0.02,0.01,1.25,1.0,0.0,2.03,16.0,2.47,2.0,90.0,0.0,0.0,0.0,0.0,0.33,0.0,1.0,0.67,1.33,2.67,0.0,0.33,0.0,0.0,0.0,0.0,0.0,0.0,0.0,0.32,0.31,,0.25,0.01,0.03,0.02,1.48,1.5,0.0,2.38,18.9,1.97,3.0,90.0,0.0,0.0,0.0,0.0,0.25,0.0,1.0,1.25,2.0,2.25,0.0,0.5,0.03,0.0,0.0,0.0,0.0,0.0,0.03,0.39,0.39,,0.2,0.01,0.02,0.02,1.57,2.0,0.0,2.26,18.16,1.72,2.8,90.0,0.0,0.0,0.0,0.0,0.2,0.0,1.0,1.0,2.4,1.8,0.0,0.4,0.02,0.0,0.0,0.0,0.0,0.0,0.02,0.31,0.31,,72988.0,0.82635698584571
0.0,0.0,6.0,0.0,0.7,415.0,0.0,0.0,0.0,0.72,317.0,1.0,0.0,2.7,18.4,2025-04-13,90.0,0.0,0.0,0.0,0.0,0.0,0.0,0.0,False,14.0,0.0,0.0,0.0,0.0,32.0,0.0,405329.0,1.0,1.0,4.0,8.0,2.0,135232.0,144058.0,8826.0,5.5,True,0.0,415.0,0.0,0.0,0.0,90.0,Newcastle United,Manchester United,4.0,1.0,26918.0,2024.0,719520.0,0.0,0.0,0.0,0.0,0.0,0.0,0.0,76.0,Newcastle United,2.0,4.0,32.0,,,1.0,0.0,0.04,0.04,0.47,0.0,0.0,3.3,21.2,0.3,11.0,90.0,0.0,0.0,0.0,0.0,0.0,0.0,1.0,3.0,0.0,10.0,0.0,2.0,0.03,0.0,1.0,0.0,0.0,0.0,0.03,0.74,0.72,6.2,0.5,0.0,0.04,0.03,1.04,0.5,0.0,2.55,18.4,0.55,6.5,90.0,0.0,0.0,0.0,0.0,0.5,0.0,1.0,2.0,1.0,5.5,0.0,1.5,0.02,0.0,0.5,0.0,0.0,0.0,0.02,0.74,0.72,,0.67,0.01,0.03,0.02,0.84,0.33,0.0,2.67,19.73,1.97,5.0,90.0,0.0,0.0,0.0,0.0,0.33,0.0,1.0,1.67,0.67,5.67,0.0,1.0,0.01,0.0,0.33,0.0,0.0,0.0,0.01,0.56,0.54,,0.5,0.01,0.02,0.02,1.06,0.75,0.0,2.35,17.3,1.92,4.25,90.0,0.0,0.0,0.0,0.0,0.25,0.0,1.0,1.25,1.0,4.5,0.0,0.75,0.01,0.0,0.25,0.0,0.0,0.0,0.01,0.42,0.41,,0.4,0.01,0.03,0.03,1.28,1.2,0.0,2.56,19.36,1.64,4.6,90.0,0.0,0.0,0.0,0.0,0.2,0.0,1.0,1.6,1.6,3.8,0.0,0.8,0.03,0.0,0.2,0.0,0.0,0.0,0.03,0.46,0.45,,142552.0,0.8845399126134847
0.0,2.0,46.0,1.0,20.9,415.0,0.02,0.19,0.17,2.0,289.0,0.0,1.0,10.9,57.4,2025-04-16,90.0,0.0,0.0,0.0,0.0,0.0,0.0,0.0,False,7.0,0.0,0.0,0.0,0.0,32.0,0.0,405329.0,1.0,0.0,5.0,31.0,14.0,135232.0,144058.0,8826.0,5.5,True,0.0,415.0,1.0,3.0,0.3095633685588836,90.0,Newcastle United,Crystal Palace,5.0,0.0,26890.0,2024.0,719924.0,0.1791689246892929,0.0,2.0,1.0,0.3095633685588836,0.1859316527843475,0.086842693388462,76.0,Newcastle United,3.0,4.0,32.0,,,0.0,0.0,0.0,0.0,0.72,1.0,0.0,2.7,18.4,0.7,8.0,90.0,0.0,0.0,0.0,0.0,0.0,0.0,1.0,1.0,4.0,2.0,0.0,0.0,0.0,0.0,0.0,0.0,0.0,0.0,0.0,0.0,0.0,,0.5,0.0,0.02,0.02,0.6,0.5,0.0,3.0,19.8,0.5,9.5,90.0,0.0,0.0,0.0,0.0,0.0,0.0,1.0,2.0,2.0,6.0,0.0,1.0,0.01,0.0,0.5,0.0,0.0,0.0,0.01,0.37,0.36,,0.33,0.0,0.02,0.02,0.93,0.67,0.0,2.6,18.4,0.6,7.0,90.0,0.0,0.0,0.0,0.0,0.33,0.0,1.0,1.67,2.0,4.33,0.0,1.0,0.01,0.0,0.33,0.0,0.0,0.0,0.01,0.49,0.48,,0.5,0.0,0.02,0.02,0.81,0.5,0.0,2.68,19.4,1.65,5.75,90.0,0.0,0.0,0.0,0.0,0.25,0.0,1.0,1.5,1.5,4.75,0.0,0.75,0.01,0.0,0.25,0.0,0.0,0.0,0.01,0.42,0.41,,0.4,0.01,0.02,0.01,0.99,0.8,0.0,2.42,17.52,1.68,5.0,90.0,0.0,0.0,0.0,0.0,0.2,0.0,1.0,1.2,1.6,4.0,0.0,0.6,0.01,0.0,0.2,0.0,0.0,0.0,0.01,0.34,0.33,,0.0,0.8845399126134847
0.0,0.0,7.0,0.0,0.2,415.0,0.0,0.29,0.29,2.19,321.0,4.0,1.0,8.1,47.6,2025-04-19,81.0,0.0,0.0,0.0,0.0,0.0,0.0,0.0,False,2.0,0.0,0.0,0.0,0.0,33.0,0.0,397577.0,1.0,1.0,4.0,33.0,5.0,11382.0,41945.0,30563.0,5.5,False,1.0,415.0,1.0,1.0,0.3771146237850189,85.0,Aston Villa,Newcastle United,4.0,1.0,26922.0,2024.0,720628.0,0.0,0.0,0.0,1.0,0.3771146237850189,0.0,0.0,76.0,Newcastle United,4.0,4.0,33.0,6.9,DEF,1.0,0.02,0.19,0.17,2.0,0.0,1.0,10.9,57.4,20.9,31.0,90.0,0.0,0.0,0.0,0.0,0.0,0.0,1.0,0.0,5.0,14.0,1.0,3.0,0.31,0.18,0.0,0.0,2.0,1.0,0.31,0.19,0.09,,0.5,0.01,0.1,0.08,1.36,0.5,0.5,6.8,37.9,10.8,19.5,90.0,0.0,0.0,0.0,0.0,0.0,0.0,1.0,0.5,4.5,8.0,0.5,1.5,0.15,0.09,0.0,0.0,1.0,0.5,0.15,0.09,0.04,,0.67,0.01,0.08,0.07,1.06,0.33,0.33,5.63,32.33,7.3,16.67,90.0,0.0,0.0,0.0,0.0,0.0,0.0,1.0,1.33,3.0,8.67,0.33,1.67,0.11,0.06,0.33,0.0,0.67,0.33,0.11,0.31,0.27,,0.5,0.01,0.06,0.06,1.2,0.5,0.25,4.68,28.15,5.67,13.0,90.0,0.0,0.0,0.0,0.0,0.25,0.0,1.0,1.25,2.75,6.75,0.25,1.5,0.09,0.04,0.25,0.0,0.5,0.25,0.09,0.41,0.38,,0.6,0.01,0.05,0.05,1.05,0.4,0.2,4.32,27.0,5.5,10.8,90.0,0.0,0.0,0.0,0.0,0.2,0.0,1.0,1.2,2.2,6.6,0.2,1.2,0.07,0.04,0.2,0.0,0.4,0.2,0.07,0.37,0.34,,-7752.0,0.15697578198267778
0.0,0.0,23.0,1.0,6.9,415.0,0.03,0.05,0.02,0.1,337.0,0.0,0.0,2.3,13.4,2025-04-26,82.0,0.0,0.0,0.0,0.0,0.0,0.0,0.0,False,10.0,0.0,0.0,0.0,0.0,34.0,0.0,577284.0,1.0,0.0,3.0,3.0,6.0,112577.0,149994.0,37417.0,5.5,True,0.0,415.0,0.0,1.0,0.0179221089929342,88.0,Newcastle United,Ipswich,3.0,0.0,26938.0,2024.0,722587.0,0.0,0.0,0.0,0.0,0.0179221089929342,0.3857201635837555,0.3857201635837555,76.0,Newcastle United,2.0,4.0,34.0,5.5,DEF,0.0,0.0,0.29,0.29,2.19,4.0,1.0,8.1,47.6,0.2,33.0,81.0,0.0,0.0,0.0,0.0,1.0,0.0,1.0,1.0,4.0,5.0,1.0,1.0,0.38,0.0,0.0,0.0,0.0,1.0,0.38,0.0,0.0,6.9,0.5,0.01,0.24,0.23,2.1,2.0,1.0,9.5,52.5,10.55,32.0,85.5,0.0,0.0,0.0,0.0,0.5,0.0,1.0,0.5,4.5,9.5,1.0,2.0,0.34,0.09,0.0,0.0,1.0,1.0,0.34,0.09,0.04,,0.33,0.01,0.16,0.15,1.64,1.67,0.67,7.23,41.13,7.27,24.0,87.0,0.0,0.0,0.0,0.0,0.33,0.0,1.0,0.67,4.33,7.0,0.67,1.33,0.23,0.06,0.0,0.0,0.67,0.67,0.23,0.06,0.03,,0.5,0.01,0.13,0.12,1.34,1.25,0.5,6.25,36.15,5.52,20.75,87.75,0.0,0.0,0.0,0.0,0.25,0.0,1.0,1.25,3.25,7.75,0.5,1.5,0.18,0.04,0.25,0.0,0.5,0.5,0.18,0.23,0.2,,0.4,0.01,0.11,0.1,1.4,1.2,0.4,5.36,32.04,4.58,17.0,88.2,0.0,0.0,0.0,0.0,0.4,0.0,1.0,1.2,3.0,6.4,0.4,1.4,0.15,0.04,0.2,0.0,0.4,0.4,0.15,0.33,0.3,,179707.0,0.60069579693828
,,,,,,,,,,,,,,,,,,,,,,,,,,,,,,,,,,,,,,,,,0.55,,,415.0,,,,,,,,,,,,,,,,,,,76.0,15,,,35.0,,2,1.0,0.03,0.05,0.02,0.1,0.0,0.0,2.3,13.4,6.9,3.0,82.0,0.0,0.0,0.0,0.0,0.0,0.0,1.0,0.0,3.0,6.0,0.0,1.0,0.02,0.0,0.0,0.0,0.0,0.0,0.02,0.39,0.39,5.5,0.5,0.02,0.17,0.16,1.15,2.0,0.5,5.2,30.5,3.55,18.0,81.5,0.0,0.0,0.0,0.0,0.5,0.0,1.0,0.5,3.5,5.5,0.5,1.0,0.2,0.0,0.0,0.0,0.0,0.5,0.2,0.19,0.19,6.2,0.67,0.02,0.18,0.16,1.43,1.33,0.67,7.1,39.47,9.33,22.33,84.33,0.0,0.0,0.0,0.0,0.33,0.0,1.0,0.33,4.0,8.33,0.67,1.67,0.23,0.06,0.0,0.0,0.67,0.67,0.23,0.19,0.16,,0.5,0.01,0.13,0.12,1.25,1.25,0.5,6.0,34.2,7.17,18.75,85.75,0.0,0.0,0.0,0.0,0.25,0.0,1.0,0.5,4.0,6.75,0.5,1.25,0.18,0.04,0.0,0.0,0.5,0.5,0.18,0.14,0.12,,0.6,0.01,0.11,0.1,1.1,1.0,0.4,5.46,31.6,5.8,17.2,86.6,0.0,0.0,0.0,0.0,0.2,0.0,1.0,1.0,3.2,7.4,0.4,1.4,0.15,0.04,0.2,0.0,0.4,0.4,0.15,0.26,0.24,,0.0,0.2848130481612556
