assists_x,bonus,bps,clean_sheets,creativity,element,expected_assists,expected_goal_involvements,expected_goals,expected_goals_conceded,fixture,goals_conceded,goals_scored,ict_index,influence,date,minutes,mng_clean_sheets,mng_draw,mng_goals_scored,mng_loss,mng_underdog_draw,mng_underdog_win,mng_win,modified,opponent_team,own_goals,penalties_missed,penalties_saved,red_cards,round,saves,selected,starts,team_a_score,team_h_score,threat,total_points,transfers_balance,transfers_in,transfers_out,value,was_home,yellow_cards,goals,shots,xG,time,h_team,a_team,h_goals,a_goals,id,season,roster_id,xA,assists_y,key_passes,npg,npxG,xGChain,xGBuildup,player_team,team_h_difficulty,team_a_difficulty,event,xP,position,clean_sheets_1,expected_assists_1,expected_goal_involvements_1,expected_goals_1,expected_goals_conceded_1,goals_conceded_1,goals_scored_1,ict_index_1,influence_1,creativity_1,threat_1,minutes_1,own_goals_1,penalties_missed_1,penalties_saved_1,red_cards_1,yellow_cards_1,saves_1,starts_1,team_a_score_1,team_h_score_1,total_points_1,goals_1,shots_1,xG_1,xA_1,assists_x_1,assists_y_1,key_passes_1,npg_1,npxG_1,xGChain_1,xGBuildup_1,xP_1,clean_sheets_3,expected_assists_3,expected_goal_involvements_3,expected_goals_3,expected_goals_conceded_3,goals_conceded_3,goals_scored_3,ict_index_3,influence_3,creativity_3,threat_3,minutes_3,own_goals_3,penalties_missed_3,penalties_saved_3,red_cards_3,yellow_cards_3,saves_3,starts_3,team_a_score_3,team_h_score_3,total_points_3,goals_3,shots_3,xG_3,xA_3,assists_x_3,assists_y_3,key_passes_3,npg_3,npxG_3,xGChain_3,xGBuildup_3,xP_3,clean_sheets_5,expected_assists_5,expected_goal_involvements_5,expected_goals_5,expected_goals_conceded_5,goals_conceded_5,goals_scored_5,ict_index_5,influence_5,creativity_5,threat_5,minutes_5,own_goals_5,penalties_missed_5,penalties_saved_5,red_cards_5,yellow_cards_5,saves_5,starts_5,team_a_score_5,team_h_score_5,total_points_5,goals_5,shots_5,xG_5,xA_5,assists_x_5,assists_y_5,key_passes_5,npg_5,npxG_5,xGChain_5,xGBuildup_5,xP_5,ownership_change,percenatge_net_transfers
0,0,4,0,1.2,105,0.0,0.0,0.0,1.17,8,1,0,0.9,7.6,2024-08-18,90,0,0,0,0,0,0,0,False,7,0,0,0,0,1,0,8169,1,1,2,0.0,2,0,0,0,4.5,True,0,0,0,0.0,90,Brentford,Crystal Palace,2,1,26609,2024,666794,0.0,0,0,0,0.0,0.1316772401332855,0.1316772401332855,Brentford,3,3,1,1.9,DEF,,,,,,,,,,,,,,,,,,,,,,,,,,,,,,,,,,,,,,,,,,,,,,,,,,,,,,,,,,,,,,,,,,,,,,,,,,,,,,,,,,,,,,,,,,,,,,,,,,,,,,,0.0,0.0
0,0,-1,0,1.4,105,0.0,0.01,0.01,2.65,16,2,0,1.0,5.4,2024-08-25,90,0,0,0,0,0,0,0,False,12,0,0,0,0,2,0,9080,1,0,2,3.0,1,-619,269,888,4.5,False,0,0,1,0.0150069436058402,90,Liverpool,Brentford,2,0,26621,2024,668964,0.0,0,0,0,0.0150069436058402,0.0649927929043769,0.0649927929043769,Brentford,3,5,2,1.0,DEF,0.0,0.0,0.0,0.0,1.17,1.0,0.0,0.9,7.6,1.2,0.0,90.0,0.0,0.0,0.0,0.0,0.0,0.0,1.0,1.0,2.0,2.0,0.0,0.0,0.0,0.0,0.0,0.0,0.0,0.0,0.0,0.13,0.13,1.9,,,,,,,,,,,,,,,,,,,,,,,,,,,,,,,,,,,,,,,,,,,,,,,,,,,,,,,,,,,,,,,,,,,,,911.0,-0.5350043215211755
0,0,2,0,11.6,105,0.18,0.18,0.0,0.7,22,1,0,2.4,8.6,2024-08-31,51,0,0,0,0,0,0,0,False,17,0,0,0,0,3,0,12800,0,1,3,4.0,1,2409,3844,1435,4.5,True,0,0,0,0.0,52,Brentford,Southampton,3,1,26623,2024,671732,0.1452792733907699,0,1,0,0.0,0.530873715877533,0.530873715877533,Brentford,1,3,3,1.8,DEF,0.0,0.0,0.01,0.01,2.65,2.0,0.0,1.0,5.4,1.4,3.0,90.0,0.0,0.0,0.0,0.0,0.0,0.0,1.0,0.0,2.0,1.0,0.0,1.0,0.02,0.0,0.0,0.0,0.0,0.0,0.02,0.06,0.06,1.0,,,,,,,,,,,,,,,,,,,,,,,,,,,,,,,,,,,,,,,,,,,,,,,,,,,,,,,,,,,,,,,,,,,,,3720.0,0.4563364273536655
0,0,3,0,0.6,105,0.0,0.0,0.0,1.09,37,0,0,0.5,2.6,2024-09-14,18,0,0,0,0,0,0,0,False,13,0,0,0,0,4,0,10204,0,1,2,2.0,1,-2757,259,3016,4.5,False,0,0,0,0.0,13,Manchester City,Brentford,2,1,26637,2024,673699,0.0,0,0,0,0.0,0.0,0.0,Brentford,3,4,4,0.2,DEF,0.0,0.18,0.18,0.0,0.7,1.0,0.0,2.4,8.6,11.6,4.0,51.0,0.0,0.0,0.0,0.0,0.0,0.0,0.0,1.0,3.0,1.0,0.0,0.0,0.0,0.15,0.0,0.0,1.0,0.0,0.0,0.53,0.53,1.8,0.0,0.06,0.06,0.0,1.51,1.33,0.0,1.43,7.2,4.73,2.33,77.0,0.0,0.0,0.0,0.0,0.0,0.0,0.67,0.67,2.33,1.33,0.0,0.33,0.01,0.05,0.0,0.0,0.33,0.0,0.01,0.24,0.24,1.57,,,,,,,,,,,,,,,,,,,,,,,,,,,,,,,,,,,-2596.0,-0.8418320610687023
0,0,-1,0,0.9,105,0.0,0.0,0.0,0.51,49,1,0,0.2,0.8,2024-09-21,11,0,0,0,0,0,0,0,False,18,0,0,0,0,5,0,9875,0,1,3,0.0,1,-689,83,772,4.5,False,0,0,0,0.0,7,Tottenham,Brentford,3,1,26648,2024,675803,0.0,0,0,0,0.0,0.0,0.0,Brentford,3,3,5,1.0,DEF,0.0,0.0,0.0,0.0,1.09,0.0,0.0,0.5,2.6,0.6,2.0,18.0,0.0,0.0,0.0,0.0,0.0,0.0,0.0,1.0,2.0,1.0,0.0,0.0,0.0,0.0,0.0,0.0,0.0,0.0,0.0,0.0,0.0,0.2,0.0,0.06,0.06,0.0,1.48,1.0,0.0,1.3,5.53,4.53,3.0,53.0,0.0,0.0,0.0,0.0,0.0,0.0,0.33,0.67,2.33,1.0,0.0,0.33,0.01,0.05,0.0,0.0,0.33,0.0,0.01,0.2,0.2,1.0,,,,,,,,,,,,,,,,,,,,,,,,,,,,,,,,,,,-329.0,-0.8058479532163743
0,0,-1,0,0.0,105,0.0,0.0,0.0,0.21,63,1,0,0.0,0.0,2024-10-05,1,0,0,0,0,0,0,0,False,20,0,0,0,0,7,0,9423,0,3,5,0.0,1,-560,322,882,4.4,True,0,0,0,0.0,1,Brentford,Wolverhampton Wanderers,5,3,26667,2024,679556,0.0,0,0,0,0.0,0.0,0.0,Brentford,3,3,7,0.8,DEF,0.0,0.0,0.0,0.0,0.51,1.0,0.0,0.2,0.8,0.9,0.0,11.0,0.0,0.0,0.0,0.0,0.0,0.0,0.0,1.0,3.0,1.0,0.0,0.0,0.0,0.0,0.0,0.0,0.0,0.0,0.0,0.0,0.0,1.0,0.0,0.06,0.06,0.0,0.77,0.67,0.0,1.03,4.0,4.37,2.0,26.67,0.0,0.0,0.0,0.0,0.0,0.0,0.0,1.0,2.67,1.0,0.0,0.0,0.0,0.05,0.0,0.0,0.33,0.0,0.0,0.18,0.18,1.0,0.0,0.04,0.04,0.0,1.22,1.0,0.0,1.0,5.0,3.14,1.8,52.0,0.0,0.0,0.0,0.0,0.0,0.0,0.4,0.8,2.4,1.2,0.0,0.2,0.0,0.03,0.0,0.0,0.2,0.0,0.0,0.15,0.15,1.18,-452.0,-0.46511627906976744
0,0,3,0,0.3,105,0.04,0.04,0.0,0.06,75,0,0,0.1,0.4,2024-10-19,3,0,0,0,0,0,0,0,False,14,0,0,0,0,8,0,9192,0,1,2,0.0,1,-334,153,487,4.4,False,0,0,0,0.0,1,Manchester United,Brentford,2,1,26675,2024,681315,0.0,0,0,0,0.0,0.0565729476511478,0.0565729476511478,Brentford,3,3,8,0.7,DEF,0.0,0.0,0.0,0.0,0.21,1.0,0.0,0.0,0.0,0.0,0.0,1.0,0.0,0.0,0.0,0.0,0.0,0.0,0.0,3.0,5.0,1.0,0.0,0.0,0.0,0.0,0.0,0.0,0.0,0.0,0.0,0.0,0.0,0.8,0.0,0.0,0.0,0.0,0.6,0.67,0.0,0.23,1.13,0.5,0.67,10.0,0.0,0.0,0.0,0.0,0.0,0.0,0.0,1.67,3.33,1.0,0.0,0.0,0.0,0.0,0.0,0.0,0.0,0.0,0.0,0.0,0.0,0.67,0.0,0.04,0.04,0.0,1.03,1.0,0.0,0.82,3.48,2.9,1.8,34.2,0.0,0.0,0.0,0.0,0.0,0.0,0.2,1.2,3.0,1.0,0.0,0.2,0.0,0.03,0.0,0.0,0.2,0.0,0.0,0.12,0.12,0.96,-231.0,-0.521875
1,0,20,0,63.2,105,0.23,0.23,0.0,1.3,83,3,0,10.5,39.4,2024-10-26,90,0,0,0,0,0,0,0,False,10,0,0,0,0,9,0,9151,1,3,4,2.0,4,-129,215,344,4.4,True,0,0,0,0.0,90,Brentford,Ipswich,4,3,26685,2024,682992,0.634890615940094,1,5,0,0.0,1.6788740158081057,1.1649715900421145,Brentford,2,3,9,2.0,DEF,0.0,0.04,0.04,0.0,0.06,0.0,0.0,0.1,0.4,0.3,0.0,3.0,0.0,0.0,0.0,0.0,0.0,0.0,0.0,1.0,2.0,1.0,0.0,0.0,0.0,0.0,0.0,0.0,0.0,0.0,0.0,0.06,0.06,0.7,0.0,0.01,0.01,0.0,0.26,0.67,0.0,0.1,0.4,0.4,0.0,5.0,0.0,0.0,0.0,0.0,0.0,0.0,0.0,1.67,3.33,1.0,0.0,0.0,0.0,0.0,0.0,0.0,0.0,0.0,0.0,0.02,0.02,0.83,0.0,0.04,0.04,0.0,0.51,0.6,0.0,0.64,2.48,2.68,1.2,16.8,0.0,0.0,0.0,0.0,0.0,0.0,0.0,1.4,3.0,1.0,0.0,0.0,0.0,0.03,0.0,0.0,0.2,0.0,0.0,0.12,0.12,0.9,-41.0,-0.23076923076923078
0,0,3,0,11.5,105,0.11,0.11,0.0,1.37,92,2,0,3.2,20.0,2024-11-04,90,0,0,0,0,0,0,0,False,9,0,0,0,0,10,0,9656,1,1,2,0.0,0,347,705,358,4.4,False,1,0,0,0.0,90,Fulham,Brentford,2,1,26693,2024,686122,0.5010765194892883,0,1,0,0.0,0.5010765194892883,0.0,Brentford,3,3,10,1.7,DEF,0.0,0.23,0.23,0.0,1.3,3.0,0.0,10.5,39.4,63.2,2.0,90.0,0.0,0.0,0.0,0.0,0.0,0.0,1.0,3.0,4.0,4.0,0.0,0.0,0.0,0.63,1.0,1.0,5.0,0.0,0.0,1.68,1.16,2.0,0.0,0.09,0.09,0.0,0.52,1.33,0.0,3.53,13.27,21.17,0.67,31.33,0.0,0.0,0.0,0.0,0.0,0.0,0.33,2.33,3.67,2.0,0.0,0.0,0.0,0.21,0.33,0.33,1.67,0.0,0.0,0.58,0.41,1.17,0.0,0.05,0.05,0.0,0.63,1.0,0.0,2.26,8.64,13.0,0.8,24.6,0.0,0.0,0.0,0.0,0.0,0.0,0.2,1.8,3.2,1.6,0.0,0.0,0.0,0.13,0.2,0.2,1.0,0.0,0.0,0.35,0.24,0.94,505.0,0.3264346190028222
0,0,3,0,0.8,105,0.01,0.01,0.0,0.0,121,0,0,0.2,1.2,2024-11-30,7,0,0,0,0,0,0,0,False,11,0,0,0,0,13,0,9358,0,1,4,0.0,1,-329,115,444,4.4,True,0,0,0,0.0,1,Brentford,Leicester,4,1,26722,2024,690061,0.0,0,0,0,0.0,0.0,0.0,Brentford,1,3,13,0.2,DEF,0.0,0.11,0.11,0.0,1.37,2.0,0.0,3.2,20.0,11.5,0.0,90.0,0.0,0.0,0.0,0.0,1.0,0.0,1.0,1.0,2.0,0.0,0.0,0.0,0.0,0.5,0.0,0.0,1.0,0.0,0.0,0.5,0.0,1.7,0.0,0.13,0.13,0.0,0.91,1.67,0.0,4.6,19.93,25.0,0.67,61.0,0.0,0.0,0.0,0.0,0.33,0.0,0.67,1.67,2.67,1.67,0.0,0.0,0.0,0.38,0.33,0.33,2.0,0.0,0.0,0.75,0.41,1.47,0.0,0.08,0.08,0.0,0.69,1.4,0.0,2.8,12.12,15.18,0.4,39.0,0.0,0.0,0.0,0.0,0.2,0.0,0.4,1.8,3.2,1.4,0.0,0.0,0.0,0.23,0.2,0.2,1.2,0.0,0.0,0.45,0.24,1.24,-298.0,-0.5885509838998211
0,0,2,0,0.3,105,0.0,0.0,0.0,0.34,132,0,0,0.2,2.0,2024-12-04,10,0,0,0,0,0,0,0,False,2,0,0,0,0,14,0,9151,0,1,3,0.0,1,-249,113,362,4.3,False,0,0,0,0.0,7,Aston Villa,Brentford,3,1,26734,2024,691565,0.0,0,0,0,0.0,0.0,0.0,Brentford,3,4,14,0.5,DEF,0.0,0.01,0.01,0.0,0.0,0.0,0.0,0.2,1.2,0.8,0.0,7.0,0.0,0.0,0.0,0.0,0.0,0.0,0.0,1.0,4.0,1.0,0.0,0.0,0.0,0.0,0.0,0.0,0.0,0.0,0.0,0.0,0.0,0.2,0.0,0.12,0.12,0.0,0.89,1.67,0.0,4.63,20.2,25.17,0.67,62.33,0.0,0.0,0.0,0.0,0.33,0.0,0.67,1.67,3.33,1.67,0.0,0.0,0.0,0.38,0.33,0.33,2.0,0.0,0.0,0.73,0.39,1.3,0.0,0.08,0.08,0.0,0.59,1.2,0.0,2.8,12.2,15.16,0.4,38.2,0.0,0.0,0.0,0.0,0.2,0.0,0.4,1.8,3.4,1.4,0.0,0.0,0.0,0.23,0.2,0.2,1.2,0.0,0.0,0.45,0.24,1.08,-207.0,-0.5242105263157895
0,0,6,0,25.0,105,0.2,0.2,0.0,2.03,154,1,0,4.4,17.4,2024-12-15,75,0,0,0,0,0,0,0,False,6,0,0,0,0,16,0,8836,1,1,2,2.0,2,-311,135,446,4.3,False,0,0,0,0.0,77,Chelsea,Brentford,2,1,26757,2024,694605,0.1634689271450042,0,2,0,0.0,0.1634689271450042,0.0,Brentford,3,4,16,0.3,DEF,0.0,0.0,0.0,0.0,0.34,0.0,0.0,0.2,2.0,0.3,0.0,10.0,0.0,0.0,0.0,0.0,0.0,0.0,0.0,1.0,3.0,1.0,0.0,0.0,0.0,0.0,0.0,0.0,0.0,0.0,0.0,0.0,0.0,0.5,0.0,0.04,0.04,0.0,0.57,0.67,0.0,1.2,7.73,4.2,0.0,35.67,0.0,0.0,0.0,0.0,0.33,0.0,0.33,1.0,3.0,0.67,0.0,0.0,0.0,0.17,0.0,0.0,0.33,0.0,0.0,0.17,0.0,0.8,0.0,0.08,0.08,0.0,0.61,1.0,0.0,2.84,12.6,15.22,0.4,40.0,0.0,0.0,0.0,0.0,0.2,0.0,0.4,1.4,3.0,1.4,0.0,0.0,0.0,0.23,0.2,0.2,1.2,0.0,0.0,0.45,0.24,1.02,-315.0,-0.5352839931153184
0,0,4,0,0.4,105,0.0,0.0,0.0,0.11,162,0,0,0.9,5.0,2024-12-21,28,0,0,0,0,0,0,0,False,16,0,0,0,0,17,0,9505,0,2,0,4.0,1,572,856,284,4.3,True,0,0,0,0.0,22,Brentford,Nottingham Forest,0,2,26766,2024,695270,0.0,0,0,0,0.0,0.0,0.0,Brentford,4,3,17,0.8,DEF,0.0,0.2,0.2,0.0,2.03,1.0,0.0,4.4,17.4,25.0,2.0,75.0,0.0,0.0,0.0,0.0,0.0,0.0,1.0,1.0,2.0,2.0,0.0,0.0,0.0,0.16,0.0,0.0,2.0,0.0,0.0,0.16,0.0,0.3,0.0,0.07,0.07,0.0,0.79,0.33,0.0,1.6,6.87,8.7,0.67,30.67,0.0,0.0,0.0,0.0,0.0,0.0,0.33,1.0,3.0,1.33,0.0,0.0,0.0,0.05,0.0,0.0,0.67,0.0,0.0,0.05,0.0,0.33,0.0,0.11,0.11,0.0,1.01,1.2,0.0,3.7,16.0,20.16,0.8,54.4,0.0,0.0,0.0,0.0,0.2,0.0,0.6,1.4,3.0,1.6,0.0,0.0,0.0,0.26,0.2,0.2,1.6,0.0,0.0,0.47,0.23,0.94,669.0,0.5017543859649123
0,0,25,1,11.8,105,0.02,0.02,0.0,1.29,173,0,0,3.6,22.4,2024-12-27,90,0,0,0,0,0,0,0,False,5,0,0,0,0,18,0,8438,1,0,0,2.0,6,-1047,35,1082,4.3,False,0,0,0,0.0,90,Brighton,Brentford,0,0,26774,2024,696383,0.0300854332745075,0,1,0,0.0,0.1497565060853958,0.1196710690855979,Brentford,3,3,18,1.4,DEF,0.0,0.0,0.0,0.0,0.11,0.0,0.0,0.9,5.0,0.4,4.0,28.0,0.0,0.0,0.0,0.0,0.0,0.0,0.0,2.0,0.0,1.0,0.0,0.0,0.0,0.0,0.0,0.0,0.0,0.0,0.0,0.0,0.0,0.8,0.0,0.07,0.07,0.0,0.83,0.33,0.0,1.83,8.13,8.57,2.0,37.67,0.0,0.0,0.0,0.0,0.0,0.0,0.33,1.33,1.67,1.33,0.0,0.0,0.0,0.05,0.0,0.0,0.67,0.0,0.0,0.05,0.0,0.53,0.0,0.06,0.06,0.0,0.77,0.6,0.0,1.78,9.12,7.6,1.2,42.0,0.0,0.0,0.0,0.0,0.2,0.0,0.4,1.2,2.2,1.0,0.0,0.0,0.0,0.13,0.0,0.0,0.6,0.0,0.0,0.13,0.0,0.7,-1067.0,-0.937332139659803
0,0,2,0,4.1,105,0.01,0.01,0.0,1.95,182,3,0,2.0,13.4,2025-01-01,90,0,0,0,0,0,0,0,False,1,0,0,0,0,19,0,8414,1,3,1,2.0,1,-70,270,340,4.3,True,0,0,0,0.0,90,Brentford,Arsenal,1,3,26783,2024,697012,0.0,0,0,0,0.0,0.0,0.0,Brentford,5,3,19,1.3,DEF,1.0,0.02,0.02,0.0,1.29,0.0,0.0,3.6,22.4,11.8,2.0,90.0,0.0,0.0,0.0,0.0,0.0,0.0,1.0,0.0,0.0,6.0,0.0,0.0,0.0,0.03,0.0,0.0,1.0,0.0,0.0,0.15,0.12,1.4,0.33,0.07,0.07,0.0,1.14,0.33,0.0,2.97,14.93,12.4,2.67,64.33,0.0,0.0,0.0,0.0,0.0,0.0,0.67,1.0,0.67,3.0,0.0,0.0,0.0,0.06,0.0,0.0,1.0,0.0,0.0,0.1,0.04,0.83,0.2,0.05,0.05,0.0,0.75,0.2,0.0,1.86,9.6,7.66,1.6,42.0,0.0,0.0,0.0,0.0,0.0,0.0,0.4,1.0,1.8,2.2,0.0,0.0,0.0,0.04,0.0,0.0,0.6,0.0,0.0,0.06,0.02,0.64,-24.0,-0.11475409836065574
0,0,30,1,4.6,105,0.02,0.09,0.07,0.29,198,0,0,4.6,18.2,2025-01-04,90,0,0,0,0,0,0,0,False,17,0,0,0,0,20,0,9457,1,5,0,23.0,6,795,1267,472,4.3,False,0,0,1,0.0857385918498039,90,Southampton,Brentford,0,5,26799,2024,697204,0.0,0,0,0,0.0857385918498039,0.345747172832489,0.2600085735321045,Brentford,3,1,20,3.7,DEF,0.0,0.01,0.01,0.0,1.95,3.0,0.0,2.0,13.4,4.1,2.0,90.0,0.0,0.0,0.0,0.0,0.0,0.0,1.0,3.0,1.0,1.0,0.0,0.0,0.0,0.0,0.0,0.0,0.0,0.0,0.0,0.0,0.0,1.3,0.33,0.01,0.01,0.0,1.12,1.0,0.0,2.17,13.6,5.43,2.67,69.33,0.0,0.0,0.0,0.0,0.0,0.0,0.67,1.67,0.33,2.67,0.0,0.0,0.0,0.01,0.0,0.0,0.33,0.0,0.0,0.05,0.04,1.17,0.2,0.05,0.05,0.0,1.14,0.8,0.0,2.22,12.04,8.32,2.0,58.6,0.0,0.0,0.0,0.0,0.0,0.0,0.6,1.4,1.2,2.2,0.0,0.0,0.0,0.04,0.0,0.0,0.6,0.0,0.0,0.06,0.02,0.86,1043.0,0.45715928694652097
1,0,13,0,21.5,105,0.58,0.67,0.09,1.94,202,2,0,7.6,25.4,2025-01-14,86,0,0,0,0,0,0,0,False,13,0,0,0,0,21,0,10347,1,2,2,29.0,4,794,1566,772,4.3,True,0,0,2,0.0948427617549896,88,Brentford,Manchester City,2,2,26803,2024,698994,0.6354020833969116,1,2,0,0.0948427617549896,0.863174319267273,0.1329294592142105,Brentford,4,3,21,3.1,DEF,1.0,0.02,0.09,0.07,0.29,0.0,0.0,4.6,18.2,4.6,23.0,90.0,0.0,0.0,0.0,0.0,0.0,0.0,1.0,5.0,0.0,6.0,0.0,1.0,0.09,0.0,0.0,0.0,0.0,0.0,0.09,0.35,0.26,3.7,0.67,0.02,0.04,0.02,1.18,1.0,0.0,3.4,18.0,6.83,9.0,90.0,0.0,0.0,0.0,0.0,0.0,0.0,1.0,2.67,0.33,4.33,0.0,0.33,0.03,0.01,0.0,0.0,0.33,0.0,0.03,0.17,0.13,2.13,0.4,0.05,0.06,0.01,1.13,0.8,0.0,3.1,15.28,9.18,6.6,74.6,0.0,0.0,0.0,0.0,0.0,0.0,0.8,2.2,0.6,3.2,0.0,0.2,0.02,0.04,0.0,0.0,0.6,0.0,0.02,0.13,0.08,1.5,890.0,0.339606501283148
0,0,3,0,11.1,105,0.59,0.59,0.0,3.43,212,2,0,2.6,10.6,2025-01-18,90,0,0,0,0,0,0,0,False,12,0,0,0,0,22,0,12095,1,2,0,4.0,0,1571,2200,629,4.3,True,1,0,0,0.0,90,Brentford,Liverpool,0,2,26813,2024,699992,0.6647761464118958,0,1,0,0.0,0.6647761464118958,0.0,Brentford,5,3,22,0.0,DEF,0.0,0.58,0.67,0.09,1.94,2.0,0.0,7.6,25.4,21.5,29.0,86.0,0.0,0.0,0.0,0.0,0.0,0.0,1.0,2.0,2.0,4.0,0.0,2.0,0.09,0.64,1.0,1.0,2.0,0.0,0.09,0.86,0.13,3.1,0.33,0.2,0.26,0.05,1.39,1.67,0.0,4.73,19.0,10.07,18.0,88.67,0.0,0.0,0.0,0.0,0.0,0.0,1.0,3.33,1.0,3.67,0.0,1.0,0.06,0.21,0.33,0.33,0.67,0.0,0.06,0.4,0.13,2.7,0.4,0.13,0.16,0.03,1.12,1.0,0.0,3.74,16.88,8.48,12.0,76.8,0.0,0.0,0.0,0.0,0.0,0.0,0.8,2.4,0.6,3.6,0.0,0.6,0.04,0.13,0.2,0.2,0.6,0.0,0.04,0.27,0.1,2.06,1748.0,0.5553199010250972
0,0,5,0,15.5,105,0.1,0.13,0.03,1.08,224,1,0,3.1,14.0,2025-01-26,90,0,0,0,0,0,0,0,False,7,0,0,0,0,23,0,14359,1,2,1,1.0,2,2119,3352,1233,4.3,False,0,0,1,0.0263617802411317,90,Crystal Palace,Brentford,1,2,26825,2024,701940,0.0155135318636894,0,1,0,0.0263617802411317,0.0263617802411317,0.0,Brentford,3,3,23,2.6,DEF,0.0,0.59,0.59,0.0,3.43,2.0,0.0,2.6,10.6,11.1,4.0,90.0,0.0,0.0,0.0,0.0,1.0,0.0,1.0,2.0,0.0,0.0,0.0,0.0,0.0,0.66,0.0,0.0,1.0,0.0,0.0,0.66,0.0,0.0,0.33,0.4,0.45,0.05,1.89,1.33,0.0,4.93,18.07,12.4,18.67,88.67,0.0,0.0,0.0,0.0,0.33,0.0,1.0,3.0,0.67,3.33,0.0,1.0,0.06,0.43,0.33,0.33,1.0,0.0,0.06,0.62,0.13,2.27,0.4,0.24,0.28,0.03,1.78,1.4,0.0,4.08,18.0,10.62,12.0,89.2,0.0,0.0,0.0,0.0,0.2,0.0,1.0,2.4,0.6,3.4,0.0,0.6,0.04,0.27,0.2,0.2,0.8,0.0,0.04,0.4,0.1,1.9,2264.0,0.46215921483097055
0,0,0,0,0.0,105,0.0,0.0,0.0,0.0,233,0,0,0.0,0.0,2025-02-02,0,0,0,0,0,0,0,0,False,18,0,0,0,0,24,0,13253,0,2,0,0.0,0,-1056,1182,2238,4.3,True,0,0,0,0.0,12,Eintracht Frankfurt,Wolfsburg,1,1,27919,2024,704063,0.0,0,0,0,0.0,0.0,0.0,Eintracht Frankfurt,2,3,24,0.0,DEF,0.0,0.1,0.13,0.03,1.08,1.0,0.0,3.1,14.0,15.5,1.0,90.0,0.0,0.0,0.0,0.0,0.0,0.0,1.0,2.0,1.0,2.0,0.0,1.0,0.03,0.02,0.0,0.0,1.0,0.0,0.03,0.03,0.0,2.6,0.0,0.42,0.46,0.04,2.15,1.67,0.0,4.43,16.67,16.03,11.33,88.67,0.0,0.0,0.0,0.0,0.33,0.0,1.0,2.0,1.0,2.0,0.0,1.0,0.04,0.44,0.33,0.33,1.33,0.0,0.04,0.52,0.04,1.9,0.2,0.26,0.3,0.04,1.74,1.6,0.0,3.98,16.32,11.36,11.8,89.2,0.0,0.0,0.0,0.0,0.2,0.0,1.0,2.8,0.8,2.6,0.0,0.8,0.04,0.26,0.2,0.2,0.8,0.0,0.04,0.38,0.08,2.14,-1106.0,-0.3087719298245614
0,0,0,0,0.0,105,0.0,0.0,0.0,0.0,250,0,0,0.0,0.0,2025-02-15,0,0,0,0,0,0,0,0,False,19,0,0,0,0,25,0,10729,0,1,0,0.0,0,-2506,0,2506,4.3,False,0,0,0,0.0,39,VfB Stuttgart,Wolfsburg,1,2,27932,2024,706149,0.0,0,0,0,0.0,0.0,0.0,Wolfsburg,3,2,25,0.0,DEF,0.0,0.0,0.0,0.0,0.0,0.0,0.0,0.0,0.0,0.0,0.0,0.0,0.0,0.0,0.0,0.0,0.0,0.0,0.0,2.0,0.0,0.0,0.0,0.0,0.0,0.0,0.0,0.0,0.0,0.0,0.0,0.0,0.0,0.0,0.0,0.23,0.24,0.01,1.5,1.0,0.0,1.9,8.2,8.87,1.67,60.0,0.0,0.0,0.0,0.0,0.33,0.0,0.67,2.0,0.33,0.67,0.0,0.33,0.01,0.23,0.0,0.0,0.67,0.0,0.01,0.23,0.0,0.87,0.2,0.26,0.3,0.04,1.35,1.0,0.0,3.58,13.64,10.54,11.4,71.2,0.0,0.0,0.0,0.0,0.2,0.0,0.8,2.6,0.6,2.4,0.0,0.8,0.04,0.26,0.2,0.2,0.8,0.0,0.04,0.38,0.08,1.88,-2524.0,-1.0
0,0,0,0,0.0,105,0.0,0.0,0.0,0.0,271,0,0,0.0,0.0,2025-03-08,0,0,0,0,0,0,0,0,False,2,0,0,0,0,28,0,8650,0,1,0,0.0,0,-556,0,556,4.3,True,0,0,0,0.0,42,Wolfsburg,St. Pauli,1,1,27964,2024,711172,0.0702850744128227,0,1,0,0.0,0.2441270798444748,0.2441270798444748,Wolfsburg,3,3,28,0.0,DEF,0.0,0.0,0.0,0.0,0.0,0.0,0.0,0.0,0.0,0.0,0.0,0.0,0.0,0.0,0.0,0.0,0.0,0.0,0.0,1.0,0.0,0.0,0.0,0.0,0.0,0.0,0.0,0.0,0.0,0.0,0.0,0.0,0.0,0.0,0.0,0.03,0.04,0.01,0.36,0.33,0.0,1.03,4.67,5.17,0.33,30.0,0.0,0.0,0.0,0.0,0.0,0.0,0.33,1.67,0.33,0.67,0.0,0.33,0.01,0.01,0.0,0.0,0.33,0.0,0.01,0.01,0.0,0.87,0.0,0.25,0.28,0.02,1.29,1.0,0.0,2.66,10.0,9.62,6.8,53.2,0.0,0.0,0.0,0.0,0.2,0.0,0.6,1.8,0.6,1.2,0.0,0.6,0.02,0.26,0.2,0.2,0.8,0.0,0.02,0.31,0.03,1.14,-2079.0,-1.0
